Code guichet,empty,Code localité,id,Code commune,GUICHETS ,ENTREPRISES  TPE Nombre,ENTREPRISES  TPE Montant,ENTREPRISES PME Nombre,ENTREPRISES PME Montant,ENTREPRISES  GE  (*) Nombre,ENTREPRISES  GE  (*) Montant,ENTREPRISES Entrepreneurs individuels Nombre,ENTREPRISES  Entrepreneurs individuels Montant,ENTREPRISES  Total Nombre,ENTREPRISES  Total Montant,PARTICULIERS Nombre,PARTICULIERS Montant,Code GPS X,Code GPS X2
0001,,810,,Siege,,,,,2," 196,000   ",,, 2   ," 196,000   "," 144,674   "," 14,099   ",-6.8410666,34.0048949,
0002,,810,,RABAT RP                      ,,,,,,,,,,," 1,600   "," 129,457   ",-6.8372217,34.01961,
0003,,810,,RABAT BAB LAALOU              ,,,,,,,,,,, 3   , 33   ,-6.840926,34.027975,
0004,,810,,RABAT MEDINA                  ,,,,,,,,,,, -     , -     ,-6.830307,34.0241729,
0005,,810,,RABAT AEROPORT                ,,,,,,,,,,, -     , -     ,-6.762192,34.047255,
0006,,810,,RABAT HAY EL AMAL             ,,,,,,,,,,, -     , -     ,-6.8801625,33.982749,
0007,,810,,RABAT CITE YOUSSOUFIA         ,,,,,,,,,,, 106   ," 5,391   ",-6.8185267,33.9925367,
0008,,810,,RABAT ETAT MAJOR              ,,,,,,,,,,, 65   ," 2,443   ",-6.830535,34.011155,
0009,,810,,RABAT GARDE ROYALE            ,,,,,,,,,,, 121   ," 1,328   ",-6.837034,34.009599,
0010,,810,,RABAT CAMP MLY HASSAN         ,,,,,,,,,,, -     , -     ,-6.863574,34.006397,
0011,,810,,RABAT HOPITAL MED V           ,,,,,,,,,,, 47   ," 1,904   ",-6.8717283,33.9690452,
0012,,810,,RABAT FAR                     ,,,,,,,,,,, 1   , 0   ,-6.859365,34.010693,
0013,,810,,RABAT FORCE AUXILIAIRE        ,,,,,,,,,,, 83   ," 4,516   ",-6.860661,33.994407,
0014,,810,,RABAT CISS FAR                ,,,,,,,,,,, -     , -     ,-6.828994,34.007011,
0015,,810,,RABAT 1ER BATAILLON DE GARDE  ,,,,,,,,,,, 42   ," 2,086   ",-6.829591,34.004876,
0016,,810,,RABAT AL MANAL                ,,,,,,,,,,, -     , -     ,-6.889206,33.975538,
0017,,815,,SALE MEDINA                   ,,,,,,,,,,, 475   ," 25,194   ",-6.8188647,34.0363797,
0018,,825,,TEMARRA PPL                   ,,,,,,,,,,, 471   ," 32,122   ",-6.9166902,33.9273942,
0019,,825,,TEMARA  FOUARATE              ,,,,,,,,,,, 80   ," 3,125   ",-6.9230846,33.9021249,
0020,,825,,TEMARA AL WIFAK               ,,,,,,,,,,, 58   ," 2,724   ",-6.93448,33.920192,
0021,,825,,TEMARA CAVALERIE              ,,,,,,,,,,, -     , -     ,-6.915110,33.925971,
0022,,826,,EL HARHOURA                   ,,,,,,,,,,, 67   ," 5,709   ",-6.958883,33.925958,
0023,,827,,AIN ATTIG                     ,,,,,,,,,,, 4   , 261   ,-6.950136,33.89835,
0024,,815,,SALE TABRIQUET                ,,,,,,,,,,, 685   ," 38,388   ",-6.806945,34.045066,
0025,,815,,SALE MAAMOURA                 ,,,,,,,,,,, 17   , 674   ,-6.734131,34.04225,
0026,,810,,RABAT PLACE D'ARMES           ,,,,,,,,,,, -     , -     ,-6.853323,34.007624,
0027,,815,,SALE 1ERE BAFRA               ,,,,,,,,,,, 80   ," 5,044   ",-6.77187,34.042134,
0028,,815,,SALE MOHAMMADI                ,,,,,,,,,,, 281   ," 17,830   ",-6.7839101,34.0467324,
0029,,815,,SALE 1 BATAILLON DU SERVICE DE,,,,,,,,,,, -     , -     ,-6.824892,34.034717,
0030,,815,,SALE MLY ISMAIL               ,,,,,,,,,,, 6   , 54   ,-6.7805949,34.0303515,
0031,,810,,RABAT AGDAL                   ,,,,,,,,,,, 224   ," 27,746   ",-6.8451956,34.0006478,
0032,,810,,RABAT GARE                    ,,,,,,,,,,, 42   ," 3,368   ",-6.8357867,34.016485,
0033,,810,,RABAT CHELLAH                 ,,,,,,,,,,, 327   ," 15,425   ",-6.828365,34.0107948,
0034,,819,,RABAT MECHOUAR                ,,,,,,,,,,, 163   ," 11,178   ",-6.8317983,34.0052895,
0035,,810,,RABAT YAACOUB EL MANSOUR      ,,,,,,,,,,, 122   ," 7,729   ",-6.8693707,34.0016096,
0036,,810,,RABAT TOUR HASSAN             ,,,,,,,,,,, 770   ," 115,366   ",-6.827751,34.021189,
0037,,810,,RABAT AKKARI                  ,,,,,,,,,,, 343   ," 18,030   ",-6.8592547,34.0110005,
0038,,270,,FES PRINCIPAL                 ,,,,,,,,,,," 1,073   "," 91,667   ",-4.998991,34.041105,
0039,,270,,FES AL FADILA                 ,,,,,,,,,,, 36   ," 1,204   ",-5.0449461,34.015068,
0040,,270,,FES GARE                      ,,,,,,,,,,, 11   ," 1,354   ",-5.005458,34.0470457,
0041,,270,,FES LES MERINDES              ,,,,,,,,,,, 79   ," 4,030   ",-4.9914784,34.0692759,
0042,,270,,FES LOUIZATE                  ,,,,,,,,,,, 53   ," 2,604   ",-4.9560625,34.0588771,
0043,,270,,FES NARJIS                    ,,,,,,,,,,, 105   ," 8,299   ",-4.9735934,34.0171045,
0044,,270,,FES FAR                       ,,,,,,,,,,, 42   ," 1,663   ",-4.981742,34.037724,
0045,,281,,RIBT EL KHAIR                 ,,,,,,,,,,, 214   ," 4,186   ",-4.407359,33.814511,
0046,,665,,KARIA BA MED                  ,,,,,,,,,,, 148   ," 4,450   ",-5.2091718,34.3663764,
0047,,675,,TISSA                         ,,,,,,,,,,, 46   ," 2,223   ",-4.6610088,34.2866561,
0048,,274,,SIDI HARAZEM                  ,,,,,,,,,,, 14   , 243   ,-4.881816,34.02932,
0049,,270,,FES BETHA                     ,,,,,,,,,,, 91   ," 6,540   ",-4.9822945,34.0609869,
0050,,270,,FES EL KARAOUIYINE            ,,,,,,,,,,, 89   ," 3,204   ",-4.9737543,34.0655076,
0051,,270,,FES FEKHARINE                 ,,,,,,,,,,, 119   ," 4,100   ",-4.9638207,34.0639756,
0052,,270,,FES JEDID                     ,,,,,,,,,,, 153   ," 12,307   ",-4.9899495,34.0545705,
0053,,270,,FES ATLAS                     ,,,,,,,,,,, 436   ," 26,587   ",-4.9942061,34.0322942,
0054,,270,,FES AL QODS                   ,,,,,,,,,,, 86   ," 5,589   ",-4.969941,34.018582,
0055,,480,,MEKNES PRINCIPAL              ,,,,,,,,,,," 1,238   "," 105,644   ",-5.5498848,33.897826,
0056,,480,,MEKNES KORTOBA                ,,,,,,,,,,, 150   ," 12,206   ",-5.544751,33.8626918,
0057,,480,,MEKNES ACADEMIE               ,,,,,,,,,,, 25   , 328   ,-5.553546,33.872785,
0064,,491,,EL HAJEB PLACE D'ARME         ,,,,,,,,,,, 156   , 215   ,-5.367411,33.687684,
0065,,480,,MOULAY IDRISS                 ,,,,,,,,,,, 38   ," 2,492   ",-5.520435,34.056973,
0066,,481,,BOUFEKRANE                    ,,,,,,,,,,, 35   ," 1,755   ",-5.483492,33.761406,
0067,,480,,EL HADJ KADDOUR               ,,,,,,,,,,, 12   , 180   ,-5.424312,33.826278,
0068,,480,,MEKNES MEDINA                 ,,,,,,,,,,, 203   ," 15,051   ",-5.5624321,33.8948115,
0069,,480,,MEKNES BNI M'HAMMED           ,,,,,,,,,,, 268   ," 21,698   ",-5.5627741,33.8808497,
0070,,492,,AIN TAOUJDATE                 ,,,,,,,,,,, 71   ," 4,324   ",-5.214529,33.937361,
0071,,493,,AGOURAI                       ,,,,,,,,,,, 22   , 361   ,-5.587642,33.641553,
0072,,494,,SEBAA AIOUN                   ,,,,,,,,,,, 49   ," 1,474   ",-5.373669,33.903563,
0073,,570,,OUJDA PPAL                    ,,,,,,,,,,, 973   ," 37,822   ",-1.9146252,34.6842608,
0074,,570,,AEREPORT OUJDA ANGAD          ,,,,,,,,,,, -     , -     ,-1.939516,34.785752,
0075,,570,,OUJDA BADR                    ,,,,,,,,,,, 147   ," 5,319   ",-1.921662,34.6740781,
0076,,570,,OUJDA MEDINA                  ,,,,,,,,,,, -     , -     ,-1.9120141,34.6786319,
0077,,570,,OUJDA FAR                     ,,,,,,,,,,, -     , -     ,-1.9146842,34.6654759,
0078,,570,,OUJDA AL QODS                 ,,,,,,,,,,, 1   , 3   ,-1.9081222,34.670777,
0079,,570,,OUJDA MIR ALI                 ,,,,,,,,,,, 35   ," 1,865   ",-1.9303885,34.6795826,
0080,,570,,OUJDA Q.INDUSTRIEL            ,,,,,,,,,,, 182   ," 4,415   ",-1.9006804,34.6989244,
0081,,570,,BENI OUKIL                    ,,,,,,,,,,, 15   , 95   ,-2.001845,34.653423,
0082,,570,,OUJDA LES IRIS                ,,,,,,,,,,, 125   ," 5,481   ",-1.923388,34.6558524,
0083,,570,,OUJDA BOULEVARD MOHAMMED V    ,,,,,,,,,,, -     , -     ,-1.914786,34.684327,
0084,,576,,AHFIR                         ,,,,,,,,,,, 360   ," 6,562   ",-2.0984665,34.9546363,
0085,,583,,AIN BENI MATHAR               ,,,,,,,,,,, 141   ," 3,186   ",-2.025047,34.016611,
0086,,587,,EL AIOUNE                     ,,,,,,,,,,, 50   ," 1,704   ",-2.5062937,34.5839962,
0087,,582,,JERADA                        ,,,,,,,,,,, 96   ," 3,378   ",-2.1614823,34.3088742,
0088,,582,,ZELIJA BOUBKER                ,,,,,,,,,,, -     , -     ,-1.73135,34.478171,
0089,,573,,TOUISSITE                     ,,,,,,,,,,, 1   , 0   ,-1.764134,34.479127,
0090,,571,,BENI DRAR                     ,,,,,,,,,,, 49   , 868   ,-1.992786,34.858353,
0091,,570,,AIN ESSFA                     ,,,,,,,,,,, -     , -     ,-2.141368,34.75056,
0092,,582,,AIN EL GUENFOUDA              ,,,,,,,,,,, 1   , 1   ,-2.0449832,34.4839996,
0093,,330,,KENITRA PPL                   ,,,,,,,,,,, 767   ," 49,828   ",-6.5819773,34.2609252,
0094,,330,,KENITRA ANCIENNE MEDINA       ,,,,,,,,,,, 16   ," 2,604   ",-6.5727961,34.2653687,
0095,,330,,KENITRA BOUCHTIA              ,,,,,,,,,,, 9   , 239   ,-6.5589331,34.2643157,
0096,,330,,KENITRA V HAUTE               ,,,,,,,,,,, 1   , 100   ,-6.5930737,34.2650727,
0097,,330,,KENITRA FAR                   ,,,,,,,,,,, 35   , 380   ,-6.604843,34.289346,
0098,,330,,KENITRA 3EME BAFRA            ,,,,,,,,,,, 43   ," 1,277   ",-6.605004,34.289187,
0099,,330,,KENITRA EL MENZEH             ,,,,,,,,,,, 7   , 186   ,-6.5210912,34.2522692,
0100,,330,,KENITRA MAGHRIB AL ARABI      ,,,,,,,,,,, 10   , 176   ,-6.6107105,34.2435925,
0101,,810,,RABAT HAOUZIA                 ,,,,,,,,,,, 111   ," 6,480   ",-6.6160709,34.2661012,
0102,,332,,SIDI YAHIA GHARB              ,,,,,,,,,,, 57   ," 1,872   ",-6.3078046,34.3098556,
0103,,332,,S.YAHYA DU GHARB B.MILITAIRE  ,,,,,,,,,,, -     , -     ,-6.271434,34.297678,
0104,,340,,ALLAL TAZI                    ,,,,,,,,,,, 5   , 368   ,-6.323774,34.52174,
0105,,337,,DAR GUEDDARI                  ,,,,,,,,,,, 4   , 12   ,-6.0914362,34.4196906,
0106,,330,,KENITRA NOUVELLE MEDINA       ,,,,,,,,,,, 70   ," 3,643   ",-6.5611929,34.2589822,
0107,,480,,AIN JEMAA                     ,,,,,,,,,,, 1   , 1   ,-5.7976753,34.0275707,
0108,,330,,KENITRA AL MASSIRA            ,,,,,,,,,,, 69   ," 5,469   ",-6.55679,34.248575,
0109,,270,,FES AIN KADOUS                ,,,,,,,,,,, 67   ," 5,562   ",-5.0089073,34.0614058,
0110,,276,,SEBA ROUADI                   ,,,,,,,,,,, 6   , 206   ,-5.101164,34.033206,
0111,,270,,FES SIDI BRAHIM               ,,,,,,,,,,, 68   ," 2,861   ",-4.987101,34.027042,
0112,,810,,RABAT SOUISSI                 ,,,,,,,,,,, 267   ," 11,908   ",-6.8266672,33.9835942,
0113,,121,,BOUZNIKA                      ,,,,,,,,,,, 104   ," 7,827   ",-7.1611065,33.7884078,
0114,,121,,BOUZNKA HAY RIAD              ,,,,,,,,,,, 1   , 63   ,-7.158199,33.780226,
0115,,822,,AIN AOUDA                     ,,,,,,,,,,, 103   ," 7,969   ",-6.790836,33.80619,
0116,,825,,TEMARA BASSATINE EL MENZEH    ,,,,,,,,,,, 23   , 667   ,-6.853556,33.856914,
0117,,815,,SALE HAY ESSALAM              ,,,,,,,,,,, 279   ," 19,535   ",-6.7926742,34.0407127,
0118,,810,,RABAT MADINAT AL IRFANE       ,,,,,,,,,,, 117   ," 10,101   ",-6.8664471,33.9810031,
0119,,821,,SKHIRATE                      ,,,,,,,,,,, 239   ," 19,852   ",-7.03893,33.851836,
0120,,821,,SKHIRATE PARA (FAR)           ,,,,,,,,,,, -     , -     ,-7.06257,33.861128,
0121,,824,,BOUKNADEL                     ,,,,,,,,,,, 107   ," 2,778   ",-6.739635,34.121913,
0122,,124,,SIDI YAHIA ZAERS              ,,,,,,,,,,, 131   ," 6,871   ",-6.90465,33.826202,
0123,,810,,RABAT AL-INBIAT               ,,,,,,,,,,, 87   ," 5,735   ",-6.810644,33.992321,
0124,,272,,AIN CHEGAG                    ,,,,,,,,,,, 23   , 772   ,-5.041861,33.8821423,
0125,,281,,EL MENZEL                     ,,,,,,,,,,, 251   ," 8,952   ",-4.545524,33.837959,
0126,,276,,MOULAY YACOUB                 ,,,,,,,,,,, 5   , 81   ,-5.178536,34.088653,
0127,,283,,RAS TABOUDA                   ,,,,,,,,,,, 5   , 61   ,-4.7138,34.004089,
0128,,673,,TAFRANT                       ,,,,,,,,,,, 3   , 65   ,-5.124728,34.623982,
0129,,281,,BIR TAMTAM                    ,,,,,,,,,,, 13   , 240   ,-4.643885,33.982306,
0130,,276,,SIDI AHMED EL BERNOUSSI       ,,,,,,,,,,, -     , -     ,-4.997618,34.112457,
0131,,287,,EL ADERJ                      ,,,,,,,,,,, -     , -     ,-4.432053,33.6315,
0132,,270,,FES DOKKARAT                  ,,,,,,,,,,, 122   ," 14,972   ",-5.0190032,34.0411428,
0133,,283,,TABOUDA                       ,,,,,,,,,,, 1   , 1   ,-5.135862,34.735419,
0134,,810,,RABAT DAR EL HADITH           ,,,,,,,,,,, 56   ," 3,058   ",-6.8489081,34.0161729,
0135,,810,,RABAT RYAD                    ,,,,,,,,,,, 272   ," 27,918   ",-6.8604926,33.9634694,
0136,,270,,FES JNANATE                   ,,,,,,,,,,, 124   ," 5,307   ",-4.9651659,34.0697959,
0137,,815,,SALE SIDI MOUSSA              ,,,,,,,,,,, 188   ," 10,393   ",-6.8104425,34.0538572,
0138,,330,,MEHDYA                        ,,,,,,,,,,, 91   ," 4,010   ",-6.6659492,34.2606703,
0139,,815,,SALE BETTANA                  ,,,,,,,,,,, 82   ," 5,637   ",-6.8088466,34.0296335,
0140,,815,,"SALE K,O,MOUSSA               ",,,,,,,,,,, 212   ," 8,180   ",-6.767144,34.02095,
0141,,270,,FES BENSOUDA                  ,,,,,,,,,,, 168   ," 13,210   ",-5.0539899,34.0171267,
0142,,810,,RABAT AL MASSIRA              ,,,,,,,,,,, 264   ," 16,864   ",-6.8869727,33.9770429,
0143,,810,,RABAT NATIONS UNIES           ,,,,,,,,,,, 205   ," 10,654   ",-6.8456827,33.9939411,
0144,,825,,TEMARRA MASSIRA               ,,,,,,,,,,, 299   ," 16,425   ",-6.8977726,33.9266164,
0145,,810,,RABAT ENNAHDA                 ,,,,,,,,,,, 213   ," 30,316   ",-6.8180493,33.9772197,
0146,,810,,RABAT OCEAN                   ,,,,,,,,,,, 476   ," 26,082   ",-6.8454185,34.0238071,
0147,,270,,FES AL ADARISSA               ,,,,,,,,,,, 85   ," 5,385   ",-5.0112704,34.019032,
0148,,815,,SALA AL JADIDA                ,,,,,,,,,,, 243   ," 16,761   ",-6.744174,33.99865,
0149,,810,,RABAT HAY EL KHEIR            ,,,,,,,,,,, 167   ," 12,316   ",-6.8743542,33.9974557,
0150,,815,,SALE LâAYAYDA                 ,,,,,,,,,,, 250   ," 13,319   ",-6.7727548,34.062028,
0151,,815,,SALE BAB CHAFAA               ,,,,,,,,,,, 118   ," 4,469   ",-6.8274102,34.0419985,
0152,,270,,FES ZOHOR SAIS                ,,,,,,,,,,, 172   ," 14,566   ",-4.9802345,34.0105502,
0153,,270,,FES SOUNDOUS                  ,,,,,,,,,,, 79   ," 5,526   ",-5.0325778,34.0583749,
0154,,485,,AIN LEUH                      ,,,,,,,,,,, 14   , 766   ,-5.337145,33.28588,
0155,,420,,SIDI ADDI                     ,,,,,,,,,,, 24   , 708   ,-5.334021,33.396246,
0156,,810,,RABAT DIOUR JAMAA             ,,,,,,,,,,, 155   ," 13,880   ",-6.8480793,34.0139975,
0157,,810,,RABAT AL MANZAH               ,,,,,,,,,,, 88   ," 5,886   ",-6.8960895,33.9719614,
0158,,480,,MEKNES AL MANSOUR             ,,,,,,,,,,, 165   ," 17,751   ",-5.576849,33.8663644,
0159,,480,,MEKNES HAY ECHOUHADA          ,,,,,,,,,,, 243   ," 16,149   ",-5.5038661,33.8908996,
0160,,425,,AZROU AHADAF                  ,,,,,,,,,,, 202   ," 14,550   ",-5.2286232,33.4440875,
0161,,425,,AZROU PRINCIPAL               ,,,,,,,,,,, 132   ," 9,979   ",-5.219284,33.4440584,
0162,,388,,MRIRT                         ,,,,,,,,,,, 278   ," 10,539   ",-5.566442,33.1671751,
0163,,388,,MRIRT BOULACHFAR              ,,,,,,,,,,, 10   ," 1,349   ",-5.569328,33.161530,
0164,,380,,EL HAMMAM                     ,,,,,,,,,,, -     , -     ,-5.470049,33.175042,
0165,,427,,TIMAHDITE                     ,,,,,,,,,,, -     , -     ,-5.059105,33.236772,
0166,,810,,RABAT ANNAKHIL                ,,,,,,,,,,, 186   ," 17,145   ",-6.864595,33.954417,
0167,,218,,ERFOUD                        ,,,,,,,,,,, 166   ," 5,980   ",-4.234211,31.434348,
0168,,235,,RISSANI                       ,,,,,,,,,,, 140   ," 3,229   ",-4.269374,31.283218,
0169,,211,,AOUFOUS                       ,,,,,,,,,,, 16   , 391   ,-4.177986,31.688251,
0170,,222,,JORF                          ,,,,,,,,,,, 15   , 393   ,-4.40132,31.490166,
0171,,210,,MERZOUGA                      ,,,,,,,,,,, 1   , 10   ,-4.016817,31.099173,
0172,,219,,ALNIF                         ,,,,,,,,,,, 35   , 984   ,-5.168332,31.116043,
0173,,210,,SEFFALATE                     ,,,,,,,,,,, -     , -     ,-4.275262,31.243766,
0174,,210,,ZRIGATE                       ,,,,,,,,,,, -     , -     ,-4.208182,31.651221,
0175,,270,,FES AGDAL                     ,,,,,,,,,,, 304   ," 21,095   ",-5.003677,34.0424808,
0176,,810,,RABAT GUICH LOUDAYA           ,,,,,,,,,,, 281   ," 14,980   ",-6.88662,33.9383499,
0177,,420,,IFRANE                        ,,,,,,,,,,, 543   ," 18,369   ",-5.1078111,33.5288521,
0178,,420,,IFRANE AL AKHAWAYN UNIVERSITY ,,,,,,,,,,, -     , -     ,-5.106293,33.539597,
0179,,420,,SOUK EL HAD OUED IFRANE       ,,,,,,,,,,, 3   , 55   ,-5.489742,33.29464,
0180,,825,,TEMARRA HAY MAGHRIB EL ARABI  ,,,,,,,,,,, 49   ," 2,406   ",-6.8896991,33.9202287,
0181,,825,,TEMARA MOULAY ALI CHERIF      ,,,,,,,,,,, 138   ," 8,130   ",-6.9059292,33.9324828,
0182,,815,,SALE HSSAINE                  ,,,,,,,,,,, 187   ," 10,263   ",-6.7636997,34.0181627,
0183,,815,,SALE HAY KARIMA               ,,,,,,,,,,, 303   ," 14,918   ",-6.7946014,34.0543327,
0184,,330,,KENITRA KHABBAZATE            ,,,,,,,,,,, 309   ," 14,553   ",-6.5697894,34.2632373,
0185,,330,,KENITRA TAIBIA                ,,,,,,,,,,, 103   ," 7,244   ",-6.5992923,34.2726379,
0186,,810,,RABAT KAMRA                   ,,,,,,,,,,, 136   ," 8,376   ",-6.8738687,33.9909689,
0189,,380,,KHENIFRA BOUFOULOUSSEN        ,,,,,,,,,,, -     , -     ,-5.6786791,32.9439373,
0190,,386,,AIT ISHAK                     ,,,,,,,,,,, 49   ," 1,644   ",-5.726217,32.764673,
0191,,385,,EL KEBAB                      ,,,,,,,,,,, 38   ," 1,509   ",-5.52401,32.741813,
0192,,381,,AGUELMUS                      ,,,,,,,,,,, 17   , 326   ,-5.844335,33.158546,
0193,,382,,KAF NSOUR                     ,,,,,,,,,,, 1   , 38   ,-5.960928,32.912725,
0194,,380,,TIGHASSALINE                  ,,,,,,,,,,, 55   ," 1,428   ",-5.656862,32.782404,
0195,,380,,SIDI YAHYA OU SAAD            ,,,,,,,,,,, 1   , 1   ,-5.575513,32.681703,
0196,,380,,SOUK HAD BOUHSOUSSEN          ,,,,,,,,,,, 1   , 1   ,-6.076217,33.147235,
0197,,380,,OUAOUMANA                     ,,,,,,,,,,, 6   , 120   ,-5.809316,32.709347,
0198,,561,,TILOUINE                      ,,,,,,,,,,, 2   , 1   ,-4.798614,31.640478,
0199,,210,,ERRACHIDIA PRINCIPAL          ,,,,,,,,,,," 1,135   "," 28,970   ",-4.4252104,31.9331753,
0200,,210,,P.A.FAR ERRACHIDIA            ,,,,,,,,,,, 46   , 528   ,-4.431331,31.927735,
0201,,210,,ERRACHIDIA OULED EL HAJ       ,,,,,,,,,,, 81   , 898   ,-4.4046968,31.9364463,
0202,,212,,BOUDENIB                      ,,,,,,,,,,, 122   , 853   ,-3.603698,31.948184,
0203,,223,,GOULMIMA                      ,,,,,,,,,,, 97   ," 3,175   ",-4.954472,31.690632,
0204,,315,,BENI TAJJITE                  ,,,,,,,,,,, 3   , 167   ,-3.467978,32.293008,
0205,,226,,TINEJEDAD                     ,,,,,,,,,,, 42   ," 1,848   ",-5.029775,31.510373,
0206,,215,,ASSOUL                        ,,,,,,,,,,, -     , -     ,-5.207951,31.948735,
0207,,210,,ERRACHIDIA BOUTALAMINE        ,,,,,,,,,,, 523   ," 23,009   ",-4.4395548,31.9199992,
0208,,210,,TADIGHOUST                    ,,,,,,,,,,, -     , -     ,-4.960017,31.819199,
0209,,225,,MELLAB                        ,,,,,,,,,,, -     , -     ,-4.851915,31.54661,
0210,,321,,ASRIR OUED FERKLA             ,,,,,,,,,,, -     , -     ,-5.067433,31.500094,
0211,,391,,MIDELT                        ,,,,,,,,,,, 405   ," 14,642   ",-4.7394177,32.6783414,
0212,,389,,ZAIDA                         ,,,,,,,,,,, 1   , 2   ,-4.958190,32.816006,
0213,,391,,MIDELT SOUK EL HAD            ,,,,,,,,,,, 1   , 4   ,-4.7370279,32.6967078,
0214,,391,,MIDELT IKHERMJIOUEN           ,,,,,,,,,,, 8   , 323   ,-4.750299,32.674079,
0215,,391,,MIDELT MIMLAL                 ,,,,,,,,,,, 9   , 158   ,-4.748143,32.6895478,
0216,,387,,KERROUCHEN                    ,,,,,,,,,,, 1   , 36   ,-5.319875,32.796618,
0217,,397,,TOUNFITE                      ,,,,,,,,,,, 8   , 201   ,-5.250116,32.46535,
0218,,396,,ITZER                         ,,,,,,,,,,, -     , -     ,-5.051233,32.879191,
0219,,395,,BOUMIA                        ,,,,,,,,,,, 10   , 649   ,-5.096948,32.726245,
0220,,380,,BOUAYACHE                     ,,,,,,,,,,, -     , -     ,-4.439405,32.721409,
0221,,224,,AGHBALOU NSERDANE             ,,,,,,,,,,, 3   , 57   ,-5.296022,32.677646,
0222,,231,,RICH                          ,,,,,,,,,,, 174   ," 7,105   ",-4.503558,32.25912,
0223,,318,,TALSINNT                      ,,,,,,,,,,, 36   , 912   ,-3.438807,32.534921,
0224,,233,,GOURAMA                       ,,,,,,,,,,, 16   , 496   ,-4.074898,32.338835,
0225,,227,,IMILCHIL                      ,,,,,,,,,,, 1   , 0   ,-5.630927,32.156596,
0226,,210,,GUERS TIALLALINE              ,,,,,,,,,,, 2   , 113   ,-4.393206,32.245097,
0227,,825,,TEMARRA FATH EL KHEIR         ,,,,,,,,,,, 56   ," 2,835   ",-6.921438,33.910412,
0228,,330,,KENITRA OULED OUIJIH          ,,,,,,,,,,, 169   ," 9,263   ",-6.6201317,34.2607013,
0229,,810,,KENITRA MAAMOURA              ,,,,,,,,,,, 111   ," 6,897   ",-6.5489459,34.241608,
0230,,815,,SALE HAY EL AMAL              ,,,,,,,,,,, 244   ," 14,093   ",-6.7923215,34.0685583,
0231,,810,,RABAT TECHNOPOLIS             ,,,,,,,,,,, -     , -     ,-6.721863,33.992824,
0232,,480,,MEKNES BASSATINE              ,,,,,,,,,,, 164   ," 6,019   ",-5.5140692,33.8931227,
0233,,491,,SEBT JEHJOUH                  ,,,,,,,,,,, -     , -     ,-5.670024,33.717868,
0234,,486,,TNINE MHAYA                   ,,,,,,,,,,, 15   , 872   ,-5.242126,33.981073,
0238,,480,,TOULAL                        ,,,,,,,,,,, 46   ," 3,709   ",-5.5965713,33.8899756,
0239,,480,,MEKNES BORJ MY OMAR           ,,,,,,,,,,, 210   ," 14,830   ",-5.529688,33.906519,
0240,,480,,MEKNES ZITOUNE                ,,,,,,,,,,, 295   ," 27,510   ",-5.5471892,33.8683655,
0241,,480,,MEKNES TAKADOUM               ,,,,,,,,,,, 125   ," 10,501   ",-5.5795339,33.8849012,
0242,,480,,OUISLANE EX DOUAR SOUSSI      ,,,,,,,,,,, 227   ," 17,553   ",-5.4896451,33.9113921,
0243,,380,,KHENIFRA OUAD ADAHAB          ,,,,,,,,,,, 65   ," 2,516   ",-5.6700075,32.9243296,
0244,,140,,BOULEMANE                     ,,,,,,,,,,, 38   ," 1,479   ",-4.731637,33.366037,
0245,,141,,IMOUZZER MARMOUCHA            ,,,,,,,,,,, 46   ," 1,554   ",-4.294565,33.471216,
0248,,140,,AIT HAMZA                     ,,,,,,,,,,, -     , -     ,-4.88772,33.350128,
0249,,140,,ENJIL                         ,,,,,,,,,,, 4   , 79   ,-4.632687,33.231015,
0250,,703,,GUERCIF                       ,,,,,,,,,,, 519   ," 13,890   ",-3.351134,34.223686,
0251,,703,,GUERCIF NOUGD                 ,,,,,,,,,,, 66   ," 1,688   ",-3.3547515,34.2329867,
0252,,703,,GUERCIF FAR                   ,,,,,,,,,,, -     , -     ,-3.363072,34.224961,
0253,,707,,SAKA                          ,,,,,,,,,,, -     , -     ,-3.414197,34.620725,
0254,,704,,BERKINE                       ,,,,,,,,,,, -     , -     ,-3.845958,33.766758,
0255,,699,,MEZGUITEM                     ,,,,,,,,,,, 1   , 1   ,-3.637851,34.500372,
0256,,706,,MAHIRIJA                      ,,,,,,,,,,, 1   , 1   ,-3.277501,33.989906,
0257,,705,,HOUARA OULAD RAHHO            ,,,,,,,,,,, 5   , 47   ,-3.584995,34.216405,
0258,,288,,IMOUZZER KANDAR               ,,,,,,,,,,, 144   ," 8,556   ",-5.010278,33.728808,
0259,,690,,MATMATA                       ,,,,,,,,,,, 39   , 890   ,-4.550582,34.099305,
0260,,711,,TAHALA                        ,,,,,,,,,,, 262   ," 8,059   ",-4.425707,34.047595,
0261,,712,,BOUZEMLANE                    ,,,,,,,,,,, 10   , 69   ,-4.552811,34.010168,
0262,,715,,ZERARDA                       ,,,,,,,,,,, 51   ," 1,424   ",-4.376646,33.975985,
0263,,144,,MISSOUR                       ,,,,,,,,,,, 314   ," 8,020   ",-3.9889357,33.0471446,
0264,,144,,MISSOUR FAR                   ,,,,,,,,,,, -     , -     ,-4.018099,33.065453,
0265,,146,,OUTAT EL HAJ                  ,,,,,,,,,,, 370   ," 7,854   ",-3.704002,33.344253,
0266,,145,,KSABI                         ,,,,,,,,,,, 3   , 210   ,-4.398689,32.830017,
0267,,140,,TINDIT                        ,,,,,,,,,,, 2   , 19   ,-3.622272,33.663659,
0268,,147,,OULED ALI                     ,,,,,,,,,,, -     , -     ,-3.96939,33.461397,
0269,,672,,OURTZARH                      ,,,,,,,,,,, 23   , 529   ,-4.965852,34.535409,
0270,,671,,RHAFSAI                       ,,,,,,,,,,, 81   ," 1,795   ",-4.9142897,34.6314997,
0271,,660,,RETBA                         ,,,,,,,,,,, -     , -     ,-4.937362,34.777641,
0272,,281,,SEFROU                        ,,,,,,,,,,, 485   ," 45,730   ",-4.8389277,33.8260102,
0273,,281,,SEFROU SLAOUI                 ,,,,,,,,,,, -     , -     ,-4.831345,33.829909,
0274,,281,,SEFROU BAB MEKAM              ,,,,,,,,,,, 70   ," 8,816   ",-4.836959,33.832031,
0275,,286,,BHALIL                        ,,,,,,,,,,, 32   ," 1,518   ",-4.871197,33.85605,
0276,,140,,SKOURA SEGHROUCHEN            ,,,,,,,,,,, 17   , 443   ,-4.544941,33.518962,
0277,,281,,TAZOUTA                       ,,,,,,,,,,, 3   , 41   ,-4.634484,33.667952,
0278,,281,,AZZABA                        ,,,,,,,,,,, 1   , 39   ,-4.701971,33.827438,
0279,,660,,KHLALFA                       ,,,,,,,,,,, 1   , 18   ,-4.62724,34.672694,
0280,,663,,BOUHOUDA                      ,,,,,,,,,,, 5   , 222   ,-4.55493,34.5910225,
0281,,660,,TAOUNATE ASTAR                ,,,,,,,,,,, 17   , 565   ,-4.648767,34.549348,
0282,,660,,TAOUNATE PPAL                 ,,,,,,,,,,, 288   ," 10,090   ",-4.6383334,34.5373537,
0283,,664,,TAHAR SOUK                    ,,,,,,,,,,, -     , -     ,-4.276232,34.653955,
0284,,677,,AIN AICHA                     ,,,,,,,,,,, 31   , 871   ,-4.689169,34.46145,
0285,,662,,BNI OULID                     ,,,,,,,,,,, 1   , 122   ,-4.447599,34.590049,
0286,,660,,BNI KORRA                     ,,,,,,,,,,, 14   , 535   ,-4.579649,34.570099,
0287,,661,,AIN MEDIOUNA                  ,,,,,,,,,,, 4   , 14   ,-4.550644,34.49523,
0288,,281,,OULAD MKOUDOU                 ,,,,,,,,,,, 2   , 2   ,-4.50267,33.809482,
0289,,678,,BOUAROUS                      ,,,,,,,,,,, 1   , 77   ,-4.81081,34.366478,
0290,,690,,TAZA PRINCIPAL                ,,,,,,,,,,, 550   ," 21,812   ",-4.0073705,34.2219948,
0291,,690,,TAZA BIT GHOULAM              ,,,,,,,,,,, 7   , 323   ,-4.0025023,34.2242425,
0292,,696,,AKNOUL                        ,,,,,,,,,,, 3   , 102   ,-3.865407,34.654771,
0293,,690,,TAZA FAR                      ,,,,,,,,,,, -     , -     ,-4.00703,34.219059,
0294,,697,,AJDIR                         ,,,,,,,,,,, -     , -     ,-3.973875,34.743199,
0295,,698,,BOURED                        ,,,,,,,,,,, -     , -     ,-4.093823,34.731354,
0296,,690,,TAZA HAUT                     ,,,,,,,,,,, 185   ," 7,205   ",-4.0143375,34.2088853,
0297,,716,,TAINESTE                      ,,,,,,,,,,, 2   , 15   ,-4.132268,34.55522,
0298,,701,,TIZI OUZLI                    ,,,,,,,,,,, 1   , 10   ,-3.794304,34.7625,
0299,,690,,HAD MSILA                     ,,,,,,,,,,, -     , -     ,-4.176234,34.425291,
0300,,695,,OUED AMLIL                    ,,,,,,,,,,, 66   ," 3,158   ",-4.270063,34.190914,
0301,,718,,KAHF EL RHAR                  ,,,,,,,,,,, 5   , 705   ,-4.25952,34.508289,
0302,,694,,MEKNASSA ACHARQIA             ,,,,,,,,,,, 1   , 38   ,-3.921497,34.35107,
0303,,713,,MERHRAOUA                     ,,,,,,,,,,, 1   , 1   ,-4.045898,33.931239,
0304,,717,,BAB EL MROUJ                  ,,,,,,,,,,, -     , -     ,-4.043768,34.415568,
0305,,690,,ARBA BENI FTAH                ,,,,,,,,,,, -     , -     ,-4.0387791,34.4971357,
0306,,693,,BENI LENT                     ,,,,,,,,,,, -     , -     ,-4.206219,34.325839,
0307,,692,,SEBT BNI FRASSEN              ,,,,,,,,,,, -     , -     ,-4.37564,34.378871,
0308,,690,,HAD OULAD ZBAIR               ,,,,,,,,,,, 9   , 168   ,-4.3211,34.288894,
0309,,691,,BAB MERZOUKA                  ,,,,,,,,,,, 5   , 56   ,-4.14404,34.210862,
0310,,690,,TAZA GARE                     ,,,,,,,,,,, 231   ," 8,989   ",-4.0099025,34.2306316,
0311,,360,,KHEMISSET PPL                 ,,,,,,,,,,, 608   ," 28,021   ",-6.065309,33.824435,
0312,,360,,KHEMISSET FATH                ,,,,,,,,,,, 149   ," 6,292   ",-6.076169,33.8329218,
0313,,360,,KHEMISSET ESSAADA             ,,,,,,,,,,, 1   , 18   ,-6.0665024,33.8139637,
0314,,360,,KHEMISSET SIDI GHRIB          ,,,,,,,,,,, -     , -     ,-6.069732,33.834312,
0315,,360,,KHEMISSET AZHAR               ,,,,,,,,,,, 511   ," 28,693   ",-6.0717776,33.8249986,
0316,,360,,SFASSIF                       ,,,,,,,,,,, 7   , 263   ,-5.804303,33.894063,
0317,,363,,KHEMIS AIT YADDINE            ,,,,,,,,,,, 32   , 549   ,-6.0138291,33.9753024,
0318,,360,,SIDI ALLAL LEMSEDDER          ,,,,,,,,,,, -     , -     ,-6.150801,33.872257,
0319,,731,,KSAR EL KEBIR PPAL            ,,,,,,,,,,, 302   ," 8,680   ",-5.9074635,34.9979028,
0320,,733,,TATOUFET                      ,,,,,,,,,,, 1   , 8   ,-5.766704,35.034413,
0321,,731,,KSAR EL KEBIR HAY ESSALAM     ,,,,,,,,,,, 85   ," 2,591   ",-5.9009993,34.9984114,
0322,,735,,LARAHE EL OUAFA               ,,,,,,,,,,, 40   ," 1,503   ",-6.1466789,35.177246,
0323,,735,,LARACHE                       ,,,,,,,,,,, 349   ," 12,979   ",-6.1506365,35.1956598,
0324,,643,,ASILAH                        ,,,,,,,,,,, 156   ," 8,127   ",-6.030668,35.4680713,
0325,,735,,TLATA RISSANA                 ,,,,,,,,,,, 5   , 180   ,-5.947461,35.220323,
0326,,645,,HAD RHARBIA                   ,,,,,,,,,,, 23   , 634   ,-5.931212,35.515688,
0327,,732,,AL AOUAMRA                    ,,,,,,,,,,, 12   , 388   ,-6.090803,35.068057,
0328,,737,,SEBT BNI GARFET               ,,,,,,,,,,, -     , -     ,-5.8366182,35.2556795,
0329,,738,,KHEMIS SAHEL                  ,,,,,,,,,,, 11   , 790   ,-6.0799644,35.2551079,
0330,,646,,TNINE SIDI YAMANI             ,,,,,,,,,,, -     , -     ,-5.972692,35.36953,
0331,,644,,DAR CHAOUI                    ,,,,,,,,,,, 1   , 8   ,-5.717925,35.530528,
0332,,341,,OUEZZANE                      ,,,,,,,,,,, 625   ," 39,992   ",-5.578088,34.79742,
0333,,341,,OUEZZANE ROUIDA               ,,,,,,,,,,, 19   ," 1,720   ",-5.5756259,34.793506,
0334,,341,,OUEZZANE RMEL                 ,,,,,,,,,,, 55   ," 2,354   ",-5.5844477,34.798213,
0335,,345,,TEROUAL                       ,,,,,,,,,,, 2   , 57   ,-5.272764,34.675416,
0336,,344,,SIDI REDOUANE                 ,,,,,,,,,,, 26   , 516   ,-5.448511,34.685289,
0337,,346,,AIN DORIJ                     ,,,,,,,,,,, 1   , 0   ,-5.289788,34.613528,
0338,,368,,ROMMANI                       ,,,,,,,,,,, 100   ," 5,095   ",-6.6047681,33.5272422,
0339,,372,,SIDI BETTACHE                 ,,,,,,,,,,, 10   , 689   ,-6.894948,33.567748,
0340,,373,,ZHILIGA                       ,,,,,,,,,,, -     , -     ,-6.544359,33.295212,
0341,,369,,HAD BRACHOUA                  ,,,,,,,,,,, 2   , 77   ,-6.631982,33.693946,
0342,,360,,AIN SBIT                      ,,,,,,,,,,, -     , -     ,-6.520171,33.556318,
0343,,346,,SIDI KACEM                    ,,,,,,,,,,, 360   ," 27,343   ",-5.708929,34.2240607,
0344,,346,,SIDI KACEM CHLIHAT            ,,,,,,,,,,, -     , -     ,-5.735604,34.238839,
0345,,335,,KHENICHET                     ,,,,,,,,,,, 93   , 607   ,-5.685366,34.43896,
0346,,346,,SIDI KACEM ZAOUIA             ,,,,,,,,,,, 6   , 396   ,-5.711067,34.204923,
0347,,349,,SIDI SLIMANE                  ,,,,,,,,,,, 248   ," 10,848   ",-5.9253592,34.2621976,
0348,,349,,SIDI SLIMANE HAY AL MASJID    ,,,,,,,,,,, -     , -     ,-5.929409,34.258901,
0349,,349,,SIDI SLIMANE OULAD EL GHAZI   ,,,,,,,,,,, 4   , 175   ,-5.922808,34.259429,
0350,,349,,SIDI SLIMANE 5EME BAFRA       ,,,,,,,,,,, 11   , 108   ,-6.0572326,34.2349026,
0351,,352,,DAR BEL AMRI                  ,,,,,,,,,,, 4   , 59   ,-5.969398,34.188622,
0352,,353,,SOUK LARBAA HAY ESSALAM       ,,,,,,,,,,, 13   , 261   ,-5.992237,34.67587,
0353,,331,,MLY BOUSSELHAM                ,,,,,,,,,,, 24   , 528   ,-6.281476,34.878789,
0354,,353,,SOUK LARBâA DU GHARB          ,,,,,,,,,,, 117   ," 3,596   ",-6.0040739,34.6850835,
0355,,354,,ARBAOUA                       ,,,,,,,,,,, 10   , 226   ,-5.924284,34.91018,
0356,,333,,HAD KOURT                     ,,,,,,,,,,, 25   , 875   ,-5.734136,34.616957,
0357,,336,,MECHRâA BELKSIRI              ,,,,,,,,,,, 127   ," 4,441   ",-5.9540815,34.576848,
0358,,356,,LALLA MIMOUNA                 ,,,,,,,,,,, 1   , 19   ,-6.070223,34.847771,
0359,,851,,JORF EL MELHA                 ,,,,,,,,,,, 80   ," 3,491   ",-5.5085103,34.4876652,
0360,,359,,SOUK TLETA EL GHARB           ,,,,,,,,,,, -     , -     ,-6.136237,34.618903,
0361,,343,,SIDI BOUSBER                  ,,,,,,,,,,, 3   , 3   ,-5.361151,34.564056,
0362,,334,,AIN DEFFALI                   ,,,,,,,,,,, -     , -     ,-5.552409,34.595684,
0363,,360,,SEBT AIT IKKOU                ,,,,,,,,,,, -     , -     ,-6.136423,33.67041,
0364,,374,,TIFLET MEDINA                 ,,,,,,,,,,, 421   ," 13,706   ",-6.3116509,33.8933443,
0365,,365,,OULMES                        ,,,,,,,,,,, 63   ," 2,676   ",-6.006354,33.422269,
0366,,367,,TIDDAS                        ,,,,,,,,,,, 64   ," 1,289   ",-6.267491,33.568088,
0367,,366,,MAAZIZ                        ,,,,,,,,,,, 136   ," 2,638   ",-6.319043,33.667483,
0368,,375,,SIDI ABDERAZAK                ,,,,,,,,,,, 19   , 468   ,-6.1626,33.962438,
0369,,376,,SIDI ALLAL EL BAHRAOUI        ,,,,,,,,,,, 106   ," 4,710   ",-6.5331665,34.0108348,
0370,,374,,TIFLET PPAL                   ,,,,,,,,,,, 386   ," 14,062   ",-6.3239166,33.8933598,
0371,,640,,TANGER 20 AOUT                ,,,,,,,,,,, 101   ," 5,750   ",-5.8210856,35.7701761,
0372,,647,,KSAR SGHIR                    ,,,,,,,,,,, 143   ," 5,155   ",-5.557934,35.840595,
0373,,640,,TANGER PPAL                   ,,,,,,,,,,, 958   ," 67,403   ",-5.806961,35.778219,
0374,,640,,TANGER AL IRFANE              ,,,,,,,,,,, 188   ," 8,859   ",-5.881784,35.7326049,
0375,,640,,TANGER EL OUAFAE              ,,,,,,,,,,, 90   ," 2,969   ",-5.8466042,35.7496905,
0376,,640,,TANGER BNI MAKADA             ,,,,,,,,,,, 7   , 773   ,-5.8127761,35.760539,
0383,,640,,TANGER SOUANI                 ,,,,,,,,,,, 349   ," 20,416   ",-5.8155281,35.7677952,
0384,,640,,TANGER DRISSIA                ,,,,,,,,,,, 506   ," 19,161   ",-5.802032,35.760034,
0385,,640,,TANGER MSALLAH                ,,,,,,,,,,, 308   ," 15,039   ",-5.8152652,35.7809478,
0386,,649,,MELLOUSSA                     ,,,,,,,,,,, 17   , 545   ,-5.632038,35.735995,
0387,,640,,TANGER DRADEB                 ,,,,,,,,,,, 110   ," 3,964   ",-5.8290035,35.7856368,
0388,,640,,TANGER VAL FLEURI             ,,,,,,,,,,, 45   ," 2,381   ",-5.8311921,35.7776272,
0389,,640,,TANGER AL MAJD                ,,,,,,,,,,, 156   ," 6,096   ",-5.7977665,35.7455849,
0390,,648,,GZENAYA                       ,,,,,,,,,,, 192   ," 6,946   ",-5.90594,35.707438,
0391,,575,,BERKANE PPAL                  ,,,,,,,,,,, 254   ," 11,477   ",-2.3314311,34.9271874,
0392,,575,,BERKANE BOUHDILA              ,,,,,,,,,,, 17   ," 1,905   ",-2.338876,34.928511,
0393,,575,,BERKANE EL GRABA              ,,,,,,,,,,, 2   , 164   ,-2.323415,34.920282,
0394,,579,,SAIDIA                        ,,,,,,,,,,, 259   ," 2,745   ",-2.226403,35.08594,
0395,,579,,SAIDIA MARINA                 ,,,,,,,,,,, 12   , 142   ,-2.293525,35.10936,
0396,,581,,TAFOGHALT                     ,,,,,,,,,,, 3   , 255   ,-2.40989,34.809569,
0397,,577,,AKLIM                         ,,,,,,,,,,, 7   , 262   ,-2.518409,34.891209,
0398,,580,,MADAGH                        ,,,,,,,,,,, 5   , 111   ,-2.338908,35.010212,
0399,,575,,SIDI BOUHOURIA                ,,,,,,,,,,, -     , -     ,-2.360322,34.738447,
0400,,582,,HASSI BLAL                    ,,,,,,,,,,, 1   , 1   ,-2.206187,34.308108,
0401,,575,,AIN REGADA                    ,,,,,,,,,,, 1   , 9   ,-2.2329391,34.9341436,
0402,,570,,OUJDA ER-RIAD                 ,,,,,,,,,,, 308   ," 10,901   ",-1.9036228,34.6800348,
0403,,572,,SIDI YAHIA DOUJDA             ,,,,,,,,,,, 69   ," 5,283   ",-1.867633,34.667325,
0404,,312,,BOUARFA                       ,,,,,,,,,,, 383   ," 12,331   ",-1.958584,32.537341,
0405,,312,,BOUARFA HAY TOBA              ,,,,,,,,,,, -     , -     ,-1.964182,32.534015,
0406,,313,,TENDRARA                      ,,,,,,,,,,, 521   ," 6,639   ",-2.0029852,33.0521649,
0407,,316,,BOUANANE                      ,,,,,,,,,,, 119   ," 1,981   ",-3.049234,32.037996,
0408,,310,,AIN CHOUATER                  ,,,,,,,,,,, -     , -     ,-2.963755,31.848321,
0409,,570,,NAIMA                         ,,,,,,,,,,, 10   , 423   ,-2.2190238,34.605387,
0410,,570,,OUJDA OUED ENNACHEF           ,,,,,,,,,,, 319   ," 9,024   ",-1.9281408,34.674988,
0411,,570,,OUJDA TAKKADOUM               ,,,,,,,,,,, 129   ," 5,379   ",-1.916795,34.697204,
0412,,570,,EL BESSARA                    ,,,,,,,,,,, -     , -     ,-2.244703,34.710192,
0413,,575,,BERKANE EL OUIDADIYA          ,,,,,,,,,,, 26   ," 1,096   ",-2.3154867,34.9163452,
0414,,570,,OUJDA ISLY                    ,,,,,,,,,,, 80   ," 8,626   ",-1.9190643,34.688642,
0415,,310,,FIGUIG                        ,,,,,,,,,,, 81   ," 2,391   ",-1.2287388,32.1098006,
0416,,310,,FIGUIG ZENAGA                 ,,,,,,,,,,, -     , -     ,-1.2355838,32.098145,
0417,,310,,FIGUIG HAUTS KSOURS           ,,,,,,,,,,, -     , -     ,-1.2184444,32.120068,
0418,,570,,OUJDA ESSAADA                 ,,,,,,,,,,, 86   ," 2,538   ",-1.887213,34.6784853,
0419,,570,,OUJDA NAHDA                   ,,,,,,,,,,, 85   ," 2,634   ",-1.93869,34.6817023,
0420,,500,,NADOR OULAD MIMOUNE           ,,,,,,,,,,, 190   ," 5,905   ",-2.935952,35.167915,
0421,,521,,HASSI BERKANE                 ,,,,,,,,,,, -     , -     ,-2.87672,34.838633,
0422,,518,,RAS EL MA                     ,,,,,,,,,,, 67   ," 1,279   ",-2.42373,35.138183,
0423,,520,,KARIAT ARKMANE                ,,,,,,,,,,, 10   , 147   ,-2.740228,35.103038,
0424,,512,,SELOUANE                      ,,,,,,,,,,, 44   ," 1,279   ",-2.942741,35.068043,
0425,,500,,TLETA JBEL                    ,,,,,,,,,,, 1   , 70   ,-3.047635,35.183689,
0426,,500,,NADOR                         ,,,,,,,,,,, 675   ," 14,700   ",-2.9251179,35.1761234,
0427,,500,,NADOR FAR                     ,,,,,,,,,,, -     , -     ,-2.9255605,35.1298946,
0428,,519,,ZAIO                          ,,,,,,,,,,, 49   ," 1,291   ",-2.7340964,34.9416496,
0429,,507,,SEGANGAN                      ,,,,,,,,,,, 41   ," 1,189   ",-3.002411,35.154635,
0430,,528,,TAFERSITE                     ,,,,,,,,,,, 2   , 270   ,-3.54125,35.007099,
0431,,523,,BEN TIB                       ,,,,,,,,,,, 4   , 91   ,-3.452545,35.045194,
0432,,501,,DRIOUCH                       ,,,,,,,,,,, 15   , 483   ,-3.39207,34.979624,
0433,,503,,DAR KEBDANI                   ,,,,,,,,,,, 4   , 136   ,-3.335367,35.118612,
0434,,524,,MIDAR                         ,,,,,,,,,,, 25   ," 1,463   ",-3.533847,34.943517,
0435,,515,,MONTE ARRUI                   ,,,,,,,,,,, 50   ," 1,583   ",-3.000138,35.01122,
0436,,515,,MONTE ARUI AL MASSIRA         ,,,,,,,,,,, -     , -     ,-3.006416,35.01118,
0437,,511,,BENI ENZAR                    ,,,,,,,,,,, 388   ," 9,901   ",-2.9328494,35.2668512,
0438,,585,,TAOURIRT                      ,,,,,,,,,,, 521   ," 11,847   ",-2.8944415,34.4151967,
0439,,585,,TAOURIRT HAY ES SOUK          ,,,,,,,,,,, -     , -     ,-2.8926981,34.4090053,
0440,,585,,TAOURIRT  FAR                 ,,,,,,,,,,, -     , -     ,-2.892423,34.399049,
0441,,585,,TAOURIRT NAHDA                ,,,,,,,,,,, 5   , 242   ,-2.8935671,34.3951271,
0442,,586,,DEBDOU                        ,,,,,,,,,,, 9   , 22   ,-3.040861,33.984148,
0443,,527,,BOUDINAR                      ,,,,,,,,,,, 4   , 54   ,-3.631834,35.156054,
0444,,500,,MHAJER                        ,,,,,,,,,,, -     , -     ,-3.49093,35.118486,
0445,,500,,TIZTOUTINE                    ,,,,,,,,,,, 1   , 15   ,-3.155994,34.971201,
0446,,502,,AIN ZORAH                     ,,,,,,,,,,, -     , -     ,-3.534615,34.652497,
0447,,525,,KHEMIS TEMSAMANE              ,,,,,,,,,,, -     , -     ,-3.639822,35.120661,
0448,,508,,HAD BNI CHIKER                ,,,,,,,,,,, 2   , 532   ,-3.014454,35.276436,
0449,,720,,ASMATEN                       ,,,,,,,,,,, 1   , 169   ,-5.357139,35.31875,
0450,,720,,TETOUAN ZONE INDUSTRIELLE     ,,,,,,,,,,, 1   , 104   ,-5.3091323,35.6063269,
0451,,720,,TETOUAN PPAL                  ,,,,,,,,,,, 473   ," 22,047   ",-5.3739802,35.5705832,
0452,,727,,TETOUAN CABO NEGRO            ,,,,,,,,,,, -     , -     ,-5.284869,35.666741,
0453,,720,,TETOUAN TOUILAA               ,,,,,,,,,,, 24   ," 1,816   ",-5.3568864,35.580974,
0454,,726,,FNIDEQ                        ,,,,,,,,,,, 341   ," 8,185   ",-5.3551457,35.847624,
0455,,727,,MARTIL                        ,,,,,,,,,,, 170   ," 9,387   ",-5.2778605,35.616652,
0456,,728,,MDIQ                          ,,,,,,,,,,, 93   ," 3,778   ",-5.3228036,35.6848275,
0457,,729,,OUED LAOU                     ,,,,,,,,,,, 32   ," 1,137   ",-5.090564,35.448207,
0458,,720,,TETOUAN MHANECH               ,,,,,,,,,,, 68   ," 3,379   ",-5.3631843,35.5646903,
0459,,720,,TETOUAN MY EL HASSAN          ,,,,,,,,,,, 180   ," 10,776   ",-5.354582,35.572421,
0460,,720,,TETOUAN SIDI TALHA            ,,,,,,,,,,, 115   ," 3,897   ",-5.3811872,35.5748102,
0461,,720,,TETOUAN TOUABEL               ,,,,,,,,,,, 102   ," 4,699   ",-5.3456681,35.5812282,
0462,,722,,BNI KARRICH FOUKI             ,,,,,,,,,,, 5   , 238   ,-5.422949,35.50742,
0463,,50,,AL HOCEIMA PRINCIPAL          ,,,,,,,,,,, 594   ," 13,180   ",-3.9317241,35.2435468,
0464,,61,,TARGUIST                      ,,,,,,,,,,, 49   ," 3,738   ",-4.315031,34.93579,
0465,,57,,IMZOUREN                      ,,,,,,,,,,, 125   ," 4,130   ",-3.850459,35.146771,
0466,,56,,BNI HADIFA                    ,,,,,,,,,,, 1   , 3   ,-4.142092,35.0221,
0467,,50,,TORRES DE ALCALA              ,,,,,,,,,,, -     , -     ,-4.324853,35.156429,
0468,,55,,BENI BOUAYACH                 ,,,,,,,,,,, 13   , 373   ,-3.841012,35.101048,
0469,,50,,IMRABTEN                      ,,,,,,,,,,, -     , -     ,-3.961566,35.072888,
0470,,59,,ISSAGUEN                      ,,,,,,,,,,, 2   , 115   ,-4.570305,34.917828,
0471,,62,,BNI AMMART                    ,,,,,,,,,,, -     , -     ,-4.159339,34.812037,
0472,,54,,ARBAA TAOURIRT                ,,,,,,,,,,, -     , -     ,-3.835926,34.931498,
0473,,150,,CHEFCHAOUEN                   ,,,,,,,,,,, 139   ," 7,268   ",-5.2655813,35.1680529,
0474,,151,,BAB BERRET                    ,,,,,,,,,,, 9   , 495   ,-4.890375,34.996366,
0475,,167,,ZOUMI                         ,,,,,,,,,,, 64   , 918   ,-5.344816,34.797092,
0476,,51,,BNI BOUFRAH                   ,,,,,,,,,,, -     , -     ,-4.311034,35.100565,
0477,,50,,ROUADI                        ,,,,,,,,,,, -     , -     ,-4.136017,35.140932,
0478,,50,,AL HOCEIMA SIDI ABID          ,,,,,,,,,,, 105   ," 2,857   ",-3.9363108,35.2497437,
0479,,50,,AIT YOUSSEF OU ALI            ,,,,,,,,,,, 1   , 79   ,-3.915947,35.193551,
0480,,152,,BNI AHMED                     ,,,,,,,,,,, 15   , 618   ,-5.078312,34.847049,
0481,,153,,JEBHA                         ,,,,,,,,,,, 31   ," 1,396   ",-4.66635,35.204706,
0482,,50,,SENADA                        ,,,,,,,,,,, -     , -     ,-4.214292,35.08108,
0483,,165,,MOKRISSET                     ,,,,,,,,,,, 7   , 81   ,-5.351515,34.92254,
0484,,156,,BAB TAZA                      ,,,,,,,,,,, 30   ," 1,600   ",-5.195256,35.061545,
0485,,150,,STEHA                         ,,,,,,,,,,, 6   , 121   ,-4.955215,35.345246,
0486,,720,,TETOUAN TABOULA               ,,,,,,,,,,, 28   ," 1,256   ",-5.4000539,35.5681375,
0487,,570,,OUJDA EL AOUINA               ,,,,,,,,,,, 16   ," 1,637   ",-1.888425,34.691786,
0488,,570,,OUJDA HABOUS                  ,,,,,,,,,,, 21   ," 1,782   ",-1.8942672,34.6711343,
0489,,570,,OUJDAI ALAZARET               ,,,,,,,,,,, 30   , 898   ,-1.8714899,34.6914242,
0490,,570,,OUJDA LAMHARCHI               ,,,,,,,,,,, 50   ," 1,646   ",-1.9430673,34.691208,
0491,,570,,OUJDA EL AMAL                 ,,,,,,,,,,, 18   , 321   ,-1.9071056,34.6837998,
0492,,570,,OUJDA JAWHARA                 ,,,,,,,,,,, 11   , 174   ,-1.9293197,34.6690376,
0493,,570,,OUJDA UNIVERSITE              ,,,,,,,,,,, 109   ," 5,812   ",-1.8967295,34.6530062,
0494,,500,,NADOR BNDE                    ,,,,,,,,,,, 224   ," 6,231   ",-2.9253432,35.1731747,
0495,,780,,CASABLANCA PRINCIPAL          ,,,,,,,,,,, 461   ," 40,863   ",-7.619046,33.592695,
0496,,780,,CASA BACHKOU                  ,,,,,,,,,,, 47   ," 2,572   ",-7.627379,33.5573374,
0497,,780,,CASABLANCA ENNASSIM           ,,,,,,,,,,, 66   ," 4,290   ",-7.657811,33.519288,
0498,,780,,CASABLANCA BOULEVARD 10 MARS  ,,,,,,,,,,, 143   ," 7,515   ",-7.565329,33.561631,
0499,,780,,CASA AIN SBAA AL HADIKA       ,,,,,,,,,,, 108   ," 5,677   ",-7.5319467,33.6031976,
0500,,780,,CASA EMILE ZOLA               ,,,,,,,,,,, 88   ," 3,720   ",-7.593441,33.595658,
0501,,780,,CASA AEROPORT MOHAMED V       ,,,,,,,,,,, -     , -     ,-7.581317,33.37428,
0502,,780,,CASABLANCA TECHNOPARK         ,,,,,,,,,,, -     , -     ,-7.6396917,33.5432759,
0503,,780,,CASABLANCA BASE NAVALE        ,,,,,,,,,,, 73   ," 1,441   ",-7.61816,33.607078,
0504,,780,,CASABLANCA AEROPORT MOHAMED V ,,,,,,,,,,, -     , -     ,-7.581317,33.37428,
0505,,780,,CASABLANCA OASIS GARE         ,,,,,,,,,,, -     , -     ,-7.631612,33.554613,
0506,,780,,CASABLANCA AIN SEBAA          ,,,,,,,,,,, 199   ," 14,576   ",-7.5393261,33.6045872,
0507,,796,,AIN HARROUDA                  ,,,,,,,,,,, 356   ," 19,167   ",-7.4497162,33.6366898,
0508,,787,,MOHAMMEDIA PRINCIPAL          ,,,,,,,,,,, 186   ," 11,263   ",-7.3963899,33.7060582,
0509,,787,,MOHAMMADIA GARE               ,,,,,,,,,,, 191   ," 9,440   ",-7.3874876,33.6965165,
0510,,787,,MOHAMMEDIA ALIA               ,,,,,,,,,,, 303   ," 19,512   ",-7.3908216,33.6868979,
0511,,780,,CASABLANCA HAY HASSANI        ,,,,,,,,,,, 285   ," 18,626   ",-7.6720848,33.5734179,
0512,,780,,CASABLANCA SIDI AL KHADIR     ,,,,,,,,,,, 167   ," 12,558   ",-7.6864949,33.568403,
0513,,792,,DAR BOUAZZA                   ,,,,,,,,,,, 127   ," 8,354   ",-7.817722,33.515659,
0514,,791,,BOUSKOURA                     ,,,,,,,,,,, 117   ," 6,749   ",-7.650299,33.45643,
0515,,797,,TIT MELLIL                    ,,,,,,,,,,, 123   ," 9,230   ",-7.483618,33.5556364,
0516,,780,,CASABLANCA SIDI MAAROUF       ,,,,,,,,,,, 91   ," 4,232   ",-7.6582325,33.5092924,
0517,,780,,CASABLANCA AIN CHOCK          ,,,,,,,,,,, 182   ," 11,442   ",-7.5965993,33.556079,
0518,,780,,CASA HAY RMILA                ,,,,,,,,,,, 6   , 454   ,-7.5992668,33.5570691,
0519,,780,,CASABLANCA BOURGOGNE          ,,,,,,,,,,, 126   ," 7,287   ",-7.6373502,33.5950868,
0520,,780,,CASABLANCA HAY MY RACHID      ,,,,,,,,,,, 117   ," 6,476   ",-7.558347,33.5734962,
0521,,780,,CASABLANCA BOURSE             ,,,,,,,,,,, 184   ," 14,194   ",-7.6132478,33.5945081,
0522,,780,,CASABLANCA AIN DIAB           ,,,,,,,,,,, 132   ," 9,858   ",-7.6764138,33.5922627,
0523,,780,,CASABLANCA DERB SIDNA         ,,,,,,,,,,, 224   ," 12,568   ",-7.604481,33.5766516,
0524,,780,,CASABLANCA EL FIDA            ,,,,,,,,,,, 234   ," 17,478   ",-7.604631,33.567386,
0525,,780,,CASABLANCA MAARIF             ,,,,,,,,,,, 280   ," 19,792   ",-7.636231,33.579941,
0526,,780,,CASABLANCA MERSULTAN          ,,,,,,,,,,, 142   ," 8,628   ",-7.61433,33.583673,
0527,,780,,CASABLANCA OASIS              ,,,,,,,,,,, 101   ," 13,062   ",-7.6338432,33.5568289,
0528,,780,,CASABLANCA GARE               ,,,,,,,,,,, 189   ," 12,874   ",-7.591494,33.591075,
0529,,780,,CASABLANCA ROCHES NOIRES      ,,,,,,,,,,, 157   ," 10,664   ",-7.5841069,33.6003158,
0530,,780,,CASABLANCA TAKADOUM           ,,,,,,,,,,, 294   ," 16,679   ",-7.5667074,33.5864389,
0531,,780,,CASABLANCA SIDI OTHMANE       ,,,,,,,,,,, 265   ," 14,502   ",-7.574118,33.55955,
0532,,780,,CASA SOUK JOUMLA              ,,,,,,,,,,, 4   , 646   ,-7.5714335,33.540753,
0533,,793,,CASA LAHRAOUYINE              ,,,,,,,,,,, 20   ," 1,459   ",-7.54396,33.545121,
0534,,780,,CASABLANCA FORCES AUXILIARES  ,,,,,,,,,,, 54   ," 2,373   ",-7.563435,33.568367,
0535,,780,,CASABLANCA HAY INARA          ,,,,,,,,,,, 138   ," 6,558   ",-7.5997174,33.5370676,
0536,,780,,CASA HAY YASMINA              ,,,,,,,,,,, -     , -     ,-7.5993258,33.5462323,
0537,,780,,CASABLANCA HAY EL FARAH       ,,,,,,,,,,, 160   ," 13,956   ",-7.590724,33.567554,
0538,,780,,CASABLANCA BANDOENG           ,,,,,,,,,,, 163   ," 11,315   ",-7.6072437,33.5925543,
0539,,780,,CASABLANCA BOUSMARA           ,,,,,,,,,,, 94   ," 5,291   ",-7.6154539,33.6001739,
0540,,780,,CASABLANCA CITE DJEMAA        ,,,,,,,,,,, 150   ," 12,451   ",-7.56875,33.5509602,
0541,,780,,CASABLANCA SIDI BERNOUSSI     ,,,,,,,,,,, 532   ," 31,820   ",-7.509783,33.610549,
0542,,622,,EL GARA                       ,,,,,,,,,,, 34   ," 2,004   ",-7.234859,33.274971,
0543,,793,,MEDIOUNA                      ,,,,,,,,,,, 214   ," 10,739   ",-7.520955,33.454745,
0544,,780,,CASABLANCA  EL HANK           ,,,,,,,,,,, 99   ," 6,805   ",-7.6530048,33.603545,
0545,,780,,CASABLANCA SIDI MOUMEN        ,,,,,,,,,,, 317   ," 23,390   ",-7.546299,33.578944,
0546,,780,,CASA HAY RHAMNA               ,,,,,,,,,,, 5   , 332   ,-7.5111348,33.5944198,
0547,,780,,CASABLANCA HAY EL BARAKA      ,,,,,,,,,,, 118   ," 5,298   ",-7.54367,33.5687472,
0548,,780,,CASA HAY EL FALAH             ,,,,,,,,,,, 5   , 467   ,-7.5492758,33.5618076,
0549,,787,,MOHAMMEDIA HASSANIA           ,,,,,,,,,,, 135   ," 8,390   ",-7.3904783,33.675602,
0550,,780,,CASABLANCA EL OULFA           ,,,,,,,,,,, 282   ," 19,098   ",-7.6807416,33.557476,
0551,,780,,LISSASFA                      ,,,,,,,,,,, 109   ," 7,181   ",-7.6726105,33.5316413,
0552,,780,,CASABLANCA DERB GHELLEF       ,,,,,,,,,,, 85   ," 5,781   ",-7.6310765,33.5697025,
0553,,780,,CASABLANCA HAY ESSALAM        ,,,,,,,,,,, 83   ," 5,313   ",-7.651012,33.570452,
0554,,780,,CASA OUM RABIAA               ,,,,,,,,,,, 128   ," 9,311   ",-7.6687293,33.5624435,
0555,,780,,CASABLANCA AIN SEBAA PLAGE    ,,,,,,,,,,, 237   ," 19,520   ",-7.535739,33.619705,
0556,,780,,CASABLANCA DAR LAMANE         ,,,,,,,,,,, 139   ," 7,029   ",-7.5585723,33.5932871,
0557,,780,,CASABLANCA KSAR LBHAR         ,,,,,,,,,,, 217   ," 14,955   ",-7.5830367,33.5491115,
0558,,780,,CASA HAY JAMILA               ,,,,,,,,,,, 3   , 320   ,-7.571527,33.540814,
0559,,780,,CASABLANCA HAY IFRIQUIA       ,,,,,,,,,,, 248   ," 12,426   ",-7.587884,33.554474,
0560,,780,,CASABLANCA AIN BORJA          ,,,,,,,,,,, 88   ," 3,556   ",-7.583191,33.5845385,
0561,,780,,CASABLANCA 2 MARS             ,,,,,,,,,,, 137   ," 8,147   ",-7.6110216,33.5687952,
0562,,780,,CASABLANCA HAY SALMIA         ,,,,,,,,,,, 85   ," 9,624   ",-7.5542325,33.5385688,
0563,,780,,CASABLANCA AL QODS            ,,,,,,,,,,, 117   ," 7,631   ",-7.484764,33.617711,
0564,,787,,MOHAMMEDIA LACOLLINE          ,,,,,,,,,,, 122   ," 6,082   ",-7.373039,33.697717,
0565,,787,,MOHAMMEDIA RACHIDIA           ,,,,,,,,,,, 170   ," 12,649   ",-7.3759595,33.684155,
0566,,780,,CASABLANCA MçALLAH            ,,,,,,,,,,, 145   ," 7,600   ",-7.593238,33.539446,
0567,,780,,CASABLANCA  GHANDI            ,,,,,,,,,,, 316   ," 58,041   ",-7.6443165,33.5696729,
0568,,780,,CASABLANCA HAY SALAMA         ,,,,,,,,,,, 195   ," 9,296   ",-7.5574901,33.5657122,
0569,,780,,CASABLANCA COMPLEXE MED V     ,,,,,,,,,,, -     , -     ,-7.6464912,33.578708,
0570,,780,,CASABLANCA AHL LOGHLAM        ,,,,,,,,,,, 102   ," 5,281   ",-7.4899131,33.6004498,
0571,,780,,CASABLANCA AVENUE M6          ,,,,,,,,,,, 125   ," 8,115   ",-7.5959033,33.5652272,
0572,,780,,CASA QUARTIER DES HOPITAUX    ,,,,,,,,,,, 79   ," 4,781   ",-7.6155907,33.5778538,
0573,,780,,CASA MBNOUCEIR                ,,,,,,,,,,, 83   ," 6,764   ",-7.6275815,33.591235,
0574,,780,,CASA EL GUERNAOUI             ,,,,,,,,,,, 80   ," 4,429   ",-7.4967675,33.6113513,
0575,,780,,CASA ATTACHAROUK              ,,,,,,,,,,, 98   ," 7,123   ",-7.5258064,33.5739275,
0576,,780,,CASA AL HOUDA                 ,,,,,,,,,,, 87   ," 4,860   ",-7.5245833,33.5823945,
0577,,780,,CASABLANCA SIDI SOUFI         ,,,,,,,,,,, 114   ," 5,501   ",-7.6345124,33.6023365,
0578,,780,,CASABLANCA ABDELMOUMEN        ,,,,,,,,,,, 194   ," 32,458   ",-7.625316,33.577666,
0579,,780,,CASABLANCA TACHFINE           ,,,,,,,,,,, 202   ," 10,189   ",-7.5733888,33.5849552,
0580,,780,,CASABLANCA MEKDAD LAHRIZI     ,,,,,,,,,,, 123   ," 7,375   ",-7.5617105,33.5437397,
0581,,10,,AGADIR AL FIDIA               ,,,,,,,,,,, 86   ," 8,051   ",-9.5554474,30.4080198,
0582,,22,,AIT MELLOUL HAY AZROU         ,,,,,,,,,,, 56   ," 2,387   ",-9.4622621,30.3595532,
0583,,18,,EL KOLEA                      ,,,,,,,,,,, 129   ," 6,157   ",-9.460967,30.297664,
0584,,10,,AGADIR FOUNTY                 ,,,,,,,,,,, 93   ," 9,807   ",-9.5901257,30.4018941,
0585,,21,,INEZGANE TARRAST              ,,,,,,,,,,, 130   ," 4,022   ",-9.5488438,30.3497281,
0586,,22,,AIT MELLOUL ZONE INDUSTRIELLE ,,,,,,,,,,, 210   ," 9,167   ",-9.491753,30.3314003,
0587,,10,,BENSERGAO                     ,,,,,,,,,,, 339   ," 16,807   ",-9.5686506,30.3931445,
0588,,10,,AGADIR HAY DAKHLA             ,,,,,,,,,,, 183   ," 7,586   ",-9.5566169,30.4112271,
0589,,21,,INEZGANE MESDOURA             ,,,,,,,,,,, 217   ," 9,667   ",-9.537655,30.3517129,
0590,,12,,TAALAT                        ,,,,,,,,,,, -     , -     ,-9.176111,30.149444,
0591,,10,,AMSKROUD                      ,,,,,,,,,,, 3   , 63   ,-9.331909,30.528803,
0592,,10,,AGADIR ANZA                   ,,,,,,,,,,, 95   ," 2,977   ",-9.6560812,30.4449184,
0593,,10,,AGADIR QUARTIER INDUSTERIEL   ,,,,,,,,,,, 236   ," 17,550   ",-9.5891414,30.4139924,
0594,,10,,AGADIR FAR                    ,,,,,,,,,,, 233   ," 10,249   ",-9.591667,30.416667,
0595,,320,,TIMOULAY                      ,,,,,,,,,,, -     , -     ,-9.573383,29.167573,
0596,,10,,TIKIOUINE                     ,,,,,,,,,,, 128   ," 4,721   ",-9.5031926,30.3770485,
0597,,320,,GUELMIM PORTE  DU SAHARA      ,,,,,,,,,,, 453   ," 7,884   ",-10.0486762,28.9990479,
0598,,30,,TEMSIA                        ,,,,,,,,,,, 16   , 292   ,-9.413674,30.363403,
0599,,12,,AIT AMIRA                     ,,,,,,,,,,, 78   ," 2,260   ",-9.487255,30.17675,
0600,,24,,TAMRI                         ,,,,,,,,,,, 18   , 427   ,-9.826182,30.695244,
0601,,10,,AGADIR TALBORJT               ,,,,,,,,,,, 161   ," 9,341   ",-9.5910082,30.423685,
0602,,10,,AGADIR PRINCIPAL              ,,,,,,,,,,, 485   ," 39,286   ",-9.597514,30.420719,
0603,,10,,AGADIR HAY AL WAFA            ,,,,,,,,,,, 99   ," 3,569   ",-9.5590979,30.4208528,
0604,,10,,AGADIR CITE SIDI MOHAMED      ,,,,,,,,,,, 8   , 439   ,-9.583506,30.4251679,
0605,,10,,AGADIR CITE BALNEAIRE         ,,,,,,,,,,, -     , -     ,-9.6014473,30.4125213,
0606,,30,,AGADIR AEROPORT               ,,,,,,,,,,, -     , -     ,-9.410627,30.330065,
0607,,10,,AGADIR EL KHIAM               ,,,,,,,,,,, 170   ," 7,699   ",-9.5725036,30.4221712,
0608,,10,,AGADIR PORT                   ,,,,,,,,,,, -     , -     ,-9.6288568,30.4243823,
0609,,10,,AGADIR SOUK EL HAD            ,,,,,,,,,,, 109   ," 5,203   ",-9.578453,30.413123,
0610,,10,,AGADIR HAY ESSALAM            ,,,,,,,,,,, 51   ," 1,952   ",-9.5467008,30.4004274,
0611,,21,,INEZGANE PRINCIPAL            ,,,,,,,,,,, 662   ," 37,041   ",-9.53311,30.3584111,
0612,,28,,OULAD TEIMA                   ,,,,,,,,,,, 187   ," 9,276   ",-9.2105703,30.3955482,
0613,,28,,OULAD TEIMA HAY EL KOURSI     ,,,,,,,,,,, 2   , 43   ,-9.215359,30.395599,
0614,,12,,AIT BAHA                      ,,,,,,,,,,, 8   , 185   ,-9.158379,30.069117,
0615,,11,,BIOUGRA                       ,,,,,,,,,,, 81   ," 3,980   ",-9.3696213,30.2149157,
0616,,14,,KHEMIS IDA OU GNIDIF          ,,,,,,,,,,, -     , -     ,-9.008317,29.86039,
0617,,23,,IMOUZZER IDA OU TANANE        ,,,,,,,,,,, -     , -     ,-9.480177,30.673002,
0618,,326,,IFRANE ATLAS SEGHIR           ,,,,,,,,,,, 6   , 91   ,-9.490052,29.221311,
0619,,29,,ARGANA                        ,,,,,,,,,,, 1   , 2   ,-9.126285,30.778697,
0620,,22,,AIT MELLOUL                   ,,,,,,,,,,, 206   ," 9,688   ",-9.4990593,30.3466346,
0621,,22,,AIT MELLOUL HAY RIAD          ,,,,,,,,,,, 27   ," 2,508   ",-9.5042199,30.3336042,
0622,,325,,BOUIZAKARNE                   ,,,,,,,,,,, 347   ," 9,196   ",-9.7124908,29.1782341,
0623,,320,,GUELMIM PRINCIPAL             ,,,,,,,,,,, 825   ," 17,595   ",-10.0568086,28.9877539,
0624,,320,,GUELMIM FAR                   ,,,,,,,,,,, 24   , 771   ,-10.054573,28.985797,
0625,,650,,TAN TAN PRINCIPAL             ,,,,,,,,,,, 487   ," 8,769   ",-11.0980542,28.4365793,
0626,,650,,TAN TAN  MEDINA               ,,,,,,,,,,, 77   ," 1,735   ",-11.1089869,28.4282508,
0627,,650,,TAN TAN FAR                   ,,,,,,,,,,, -     , -     ,-11.088542,28.436204,
0628,,761,,IFNI PRINCIPAL                ,,,,,,,,,,, 146   ," 5,246   ",-10.1725647,29.3831391,
0629,,771,,TLETA EL AKHSASS              ,,,,,,,,,,, 5   , 212   ,-9.756192,29.3553757,
0630,,682,,FAM EL HISN                   ,,,,,,,,,,, 86   ," 1,129   ",-8.8874567,29.0131648,
0631,,327,,TARHJIJT                      ,,,,,,,,,,, 17   , 412   ,-9.420452,29.060871,
0632,,437,,TARFAYA                       ,,,,,,,,,,, 63   ," 3,201   ",-12.9255331,27.9392919,
0633,,773,,JEMAA NTIGHIRT                ,,,,,,,,,,, -     , -     ,-9.452762,29.379733,
0634,,323,,ASSA                          ,,,,,,,,,,, 258   ," 3,329   ",-9.424062,28.60864,
0635,,765,,TAFRAOUTE                     ,,,,,,,,,,, 13   , 652   ,-8.974778,29.7203253,
0636,,762,,MESTI                         ,,,,,,,,,,, -     , -     ,-10.112368,29.265218,
0637,,31,,SEBT EL GUERDANE              ,,,,,,,,,,, 34   ," 1,086   ",-9.018161,30.383135,
0638,,12,,TNINE HILALA                  ,,,,,,,,,,, 1   , 141   ,-9.014598,30.063111,
0639,,750,,TNINE AMELLOU                 ,,,,,,,,,,, -     , -     ,-10.021546,29.293688,
0640,,750,,TIOURHZA                      ,,,,,,,,,,, 4   , 37   ,-9.959125,29.386352,
0641,,772,,AIT ERKHA                     ,,,,,,,,,,, 5   , 165   ,-9.620126,29.360991,
0642,,681,,AKKA                          ,,,,,,,,,,, 134   ," 2,522   ",-8.255099,29.391617,
0643,,20,,DCHEIRA                       ,,,,,,,,,,, 512   ," 35,119   ",-9.539545,30.369372,
0644,,16,,TANALT                        ,,,,,,,,,,, -     , -     ,-9.168933,29.775083,
0645,,41,,TAROUDANNT                    ,,,,,,,,,,, 185   ," 8,634   ",-8.8672382,30.4726237,
0646,,41,,TAROUDANT GI                  ,,,,,,,,,,, -     , -     ,-8.8666667,30.4666667,
0647,,25,,IRHREM                        ,,,,,,,,,,, 11   , 198   ,-8.459677,30.0887,
0648,,680,,TATA                          ,,,,,,,,,,, 249   ," 6,821   ",-7.9667871,29.7403796,
0649,,41,,AIT ABDALLAH                  ,,,,,,,,,,, 1   , 1   ,-8.768528,29.813489,
0650,,45,,OULAD BERREHIL                ,,,,,,,,,,, 43   ," 1,505   ",-8.4759415,30.6388535,
0651,,46,,TAFINGOULT                    ,,,,,,,,,,, -     , -     ,-8.391784,30.766084,
0652,,43,,AOULOUZ                       ,,,,,,,,,,, 70   ," 1,691   ",-8.178572,30.672707,
0653,,687,,TISSINT                       ,,,,,,,,,,, 1   , 0   ,-7.318157,29.906259,
0654,,683,,KHEMIS ISSAFEN                ,,,,,,,,,,, -     , -     ,-8.528153,29.858192,
0655,,750,,SBOUYA                        ,,,,,,,,,,, -     , -     ,-10.204915,29.151098,
0656,,750,,TIZNIT                        ,,,,,,,,,,, 447   ," 12,120   ",-9.732897,29.6948262,
0657,,750,,TIZNIT BIR ANZARANE           ,,,,,,,,,,, 49   ," 1,488   ",-9.7241234,29.690979,
0658,,750,,TIZNIT SIDI ABDERRAHMANE      ,,,,,,,,,,, 16   , 436   ,-9.7284794,29.7009398,
0659,,750,,TIZNIT HAY ENNAKHIL           ,,,,,,,,,,, 23   ," 1,646   ",-9.7195182,29.6830172,
0660,,754,,ANEZI                         ,,,,,,,,,,, 1   , 11   ,-9.362521,29.658255,
0661,,763,,MIRLEFT                       ,,,,,,,,,,, 7   , 124   ,-10.032208,29.579748,
0662,,15,,MASSA                         ,,,,,,,,,,, 14   , 634   ,-9.645341,29.991623,
0663,,751,,ARBAA RAS MOUKA               ,,,,,,,,,,, -     , -     ,-9.541004,29.802197,
0664,,750,,SEBT BOUNAAMANE               ,,,,,,,,,,, 3   , 71   ,-9.815973,29.530931,
0665,,750,,ARBAA SAHEL                   ,,,,,,,,,,, 3   , 57   ,-9.921749,29.598704,
0666,,13,,HAD AIT BELFAA                ,,,,,,,,,,, 51   ," 1,108   ",-9.560885,30.047627,
0667,,44,,FREIJA                        ,,,,,,,,,,, 28   ," 1,274   ",-8.797887,30.5051603,
0668,,750,,TNINE AGLOU                   ,,,,,,,,,,, 4   , 201   ,-9.799861,29.765831,
0669,,761,,IFNI HAY LALLA MERYEM         ,,,,,,,,,,, 12   , 472   ,-10.16127,29.38641,
0670,,41,,SEBT TATAOUTE                 ,,,,,,,,,,, -     , -     ,-8.709339,30.24752,
0671,,320,,FASK                          ,,,,,,,,,,, -     , -     ,-9.832557,28.983097,
0672,,767,,HAD TAHALA                    ,,,,,,,,,,, -     , -     ,-9.090218,29.637744,
0673,,320,,TAGANTE                       ,,,,,,,,,,, 3   , 23   ,-9.779536,29.129086,
0674,,750,,TIRHMI                        ,,,,,,,,,,, 3   , 113   ,-9.42304,29.582739,
0675,,320,,KSABI AIT LAHCEN              ,,,,,,,,,,, 2   , 2   ,-10.170309,28.996345,
0676,,650,,TAN TAN CITE ADMINISTRATIVE   ,,,,,,,,,,, 114   ," 2,495   ",-11.1072314,28.4385298,
0677,,750,,SEBT OUIJJANE                 ,,,,,,,,,,, -     , -     ,-9.536908,29.649179,
0678,,650,,EL OUATIA                     ,,,,,,,,,,, 101   ," 2,326   ",-11.3320971,28.4984952,
0679,,20,,DCHEIRA HAY ILHAM             ,,,,,,,,,,, 130   ," 6,218   ",-9.52689,30.363767,
0680,,41,,TAROUDANNT MEDINA             ,,,,,,,,,,, 30   ," 1,235   ",-8.884576,30.470139,
0681,,17,,AOURIR                        ,,,,,,,,,,, 56   ," 1,927   ",-9.672411,30.498001,
0682,,450,,MARRAKECH SIDI GHANEM         ,,,,,,,,,,, 108   ," 3,875   ",-8.0493334,31.6736106,
0683,,450,,MARRAKECH ANNAKHILE           ,,,,,,,,,,, 39   ," 2,625   ",-7.9857409,31.6474403,
0684,,450,,MARRAKECH BAB KHEMIS          ,,,,,,,,,,, 125   ," 8,066   ",-7.98626,31.6365561,
0685,,450,,MARRAKECH SIDI ABBAD          ,,,,,,,,,,, 118   ," 6,502   ",-8.0176324,31.6562171,
0686,,450,,MARRAKECH AL FADL             ,,,,,,,,,,, 44   ," 3,226   ",-8.0251748,31.6778666,
0687,,450,,MARRAKECH DIOUR ECHCHOUHADA   ,,,,,,,,,,, 268   ," 7,748   ",-7.9620181,31.6067673,
0688,,450,,MARRAKECH SIDI YOUSSEF BEN ALI,,,,,,,,,,, -     , -     ,-7.9625344,31.6070197,
0689,,450,,TAMESLOUHTE                   ,,,,,,,,,,, 1   , 40   ,-8.097289,31.496467,
0690,,450,,MARRAKECH AMERCHICH           ,,,,,,,,,,, 130   ," 8,115   ",-8.0037949,31.6576806,
0691,,465,,AIT HADI                      ,,,,,,,,,,, -     , -     ,-8.770705,31.396401,
0692,,450,,SIDI ZOUINE                   ,,,,,,,,,,, -     , -     ,-8.350586,31.664039,
0693,,450,,MARRAKECH HAY EL MASSIRA      ,,,,,,,,,,, 224   ," 12,214   ",-8.060363,31.629133,
0694,,453,,TNINE OUDAYA                  ,,,,,,,,,,, 3   , 26   ,-8.246902,31.634792,
0695,,450,,LALLA TAKARKOUSTE             ,,,,,,,,,,, 4   , 70   ,-8.131945,31.358174,
0696,,450,,TIZGUINE                      ,,,,,,,,,,, -     , -     ,-8.319118,31.243402,
0697,,450,,MARRAKECH BAB RHMATE          ,,,,,,,,,,, 116   ," 4,137   ",-7.9761118,31.6243734,
0698,,450,,KETTARA                       ,,,,,,,,,,, -     , -     ,-8.182229,31.86503,
0699,,450,,MARRAKECH DOUAR IZIKI         ,,,,,,,,,,, 166   ," 8,220   ",-8.0588311,31.6249032,
0700,,450,,MARRAKECH HAY HASSANI         ,,,,,,,,,,, 124   ," 6,708   ",-8.041658,31.630902,
0701,,450,,IGOUDAR                       ,,,,,,,,,,, 1   , 1   ,-8.256215,31.267474,
0702,,190,,EL AAMRIA                     ,,,,,,,,,,, -     , -     ,-7.262751,32.209544,
0703,,476,,TNINE OURIKA                  ,,,,,,,,,,, 11   , 363   , -7.788486,31.375209,
0704,,457,,RHMATE                        ,,,,,,,,,,, -     , -     ,-7.802621,31.422511,
0705,,450,,MARRAKECH HAY MOHAMMADI       ,,,,,,,,,,, 189   ," 10,702   ",-7.996373,31.650498,
0706,,450,,MARRAKECH PPAL                ,,,,,,,,,,," 1,221   "," 92,740   ",-8.0093873,31.6325505,
0707,,450,,MARRAKECH DAOUDIATE           ,,,,,,,,,,, 22   ," 1,334   ",-7.9916096,31.6503424,
0708,,450,,MARRAKECH EL BAHIA            ,,,,,,,,,,, 83   ," 3,363   ",-7.9845661,31.6220186,
0709,,450,,MARRAKECH RIAD EL AROUSS      ,,,,,,,,,,, 1   , 63   ,-7.9909846,31.634196,
0710,,450,,MARRAKECH MHAMID              ,,,,,,,,,,, 69   ," 3,672   ",-8.039267,31.587968,
0711,,450,,MARRAKECH BAB AGNAOU          ,,,,,,,,,,, 2   , 264   ,-7.9910906,31.6184967,
0712,,450,,MARRAKECH MENARA              ,,,,,,,,,,, -     , -     ,-8.0273044,31.6025526,
0713,,450,,MARRAKECH B.E.F.R.A           ,,,,,,,,,,, 113   ," 5,729   ",-8.034879,31.61473,
0714,,450,,MARRAKECH ATLAS               ,,,,,,,,,,, 89   ," 8,752   ",-8.050645,31.6004966,
0715,,450,,MARRAKECH CAMP EL GHOUL       ,,,,,,,,,,, 57   ," 2,774   ",-8.0213714,31.6369135,
0716,,450,,MARRAKECH GARE                ,,,,,,,,,,, 35   ," 1,796   ",-8.018775,31.6298158,
0717,,461,,AMIZMIZ                       ,,,,,,,,,,, 35   , 817   ,-8.241934,31.222124,
0718,,201,,BENGUERIR VILLE               ,,,,,,,,,,, 228   ," 6,689   ",-7.957229,32.236256,
0719,,465,,CHICHAOUA                     ,,,,,,,,,,, 67   ," 2,287   ",-8.766618,31.541319,
0720,,81,,DEMNATE                       ,,,,,,,,,,, 117   ," 3,781   ",-7.004567,31.731685,
0721,,81,,DEMNATE IMLIL                 ,,,,,,,,,,, -     , -     ,-7.010361,31.756114,
0722,,190,,EL KELAA DES SRARHNA PPAL     ,,,,,,,,,,, 354   ," 15,459   ",-7.4062564,32.053774,
0723,,471,,IMI N TANOUNTE                ,,,,,,,,,,, 57   ," 2,514   ",-8.84798,31.17716,
0724,,204,,SKHOUR REHAMNA                ,,,,,,,,,,, 1   , 32   ,-7.914826,32.483226,
0725,,450,,MARRAKECH MEDINA              ,,,,,,,,,,, 326   ," 20,256   ",-7.9896247,31.6248689,
0726,,454,,AIT OURIR                     ,,,,,,,,,,, 72   ," 2,178   ",-7.6671,31.562756,
0727,,550,,OUARZAZATE PPAL               ,,,,,,,,,,, 747   ," 31,775   ",-6.9106633,30.9204919,
0728,,550,,OUARZAZATE TARMIGT            ,,,,,,,,,,, 37   , 847   ,-6.911028,30.9010095,
0729,,550,,OUARZAZATE TASSOUMAATE        ,,,,,,,,,,, 192   ," 5,567   ",-6.9296801,30.9238512,
0730,,550,,OUARZAZATE TAOURIRT           ,,,,,,,,,,, -     , -     ,-6.8941422,30.9233486,
0731,,550,,OUARZAZATE FAR                ,,,,,,,,,,, 303   ," 3,168   ",-6.910859,30.917229,
0732,,565,,ZAGORA                        ,,,,,,,,,,, 191   ," 5,164   ",-5.8399174,30.3252258,
0733,,561,,TALIOUINE                     ,,,,,,,,,,, 45   , 753   ,-7.924058,30.532071,
0734,,563,,TAZNAKHTE                     ,,,,,,,,,,, 9   , 313   ,-7.203732,30.577676,
0735,,556,,EL KELAA MGOUNA               ,,,,,,,,,,, 87   ," 3,544   ",-6.1295182,31.2367794,
0736,,553,,SKOURA AHL AL OUST            ,,,,,,,,,,, 14   , 290   ,-6.556027,31.063494,
0737,,568,,TAGOUNITE                     ,,,,,,,,,,, 1   , 69   ,-5.5820927,29.9725018,
0738,,566,,AGDZ                          ,,,,,,,,,,, 17   , 315   ,-6.451807,30.695792,
0739,,569,,TAZZARINE                     ,,,,,,,,,,, 18   , 706   ,-5.56693,30.781838,
0740,,559,,TINERHIR                      ,,,,,,,,,,, 133   ," 5,510   ",-5.5305487,31.521328,
0741,,555,,BOUMALNE DU DADES             ,,,,,,,,,,, 125   ," 1,742   ",-5.9837186,31.3702739,
0742,,685,,FOUM ZGUID                    ,,,,,,,,,,, 61   ," 1,506   ",-6.873051,30.085248,
0743,,558,,MSEMRIR                       ,,,,,,,,,,, -     , -     ,-5.821614,31.694929,
0744,,550,,KHEMIS DADES                  ,,,,,,,,,,, 6   , 163   ,-6.031333,31.306491,
0745,,567,,MHAMID                        ,,,,,,,,,,, 8   , 163   ,-5.718899,29.825411,
0746,,550,,AMERZGANE                     ,,,,,,,,,,, 4   , 180   ,-7.210615,31.045114,
0747,,552,,IGHREM NOUGDAL                ,,,,,,,,,,, 3   , 71   ,-7.421109,31.229521,
0748,,557,,IKNIOUEN                      ,,,,,,,,,,, 1   , 52   ,-5.673095,31.168958,
0749,,465,,ARBAA DOUIRANE                ,,,,,,,,,,, -     , -     ,-8.779326,31.213324,
0750,,550,,TOUNDOUTE                     ,,,,,,,,,,, 1   , 96   ,-6.587438,31.272224,
0751,,550,,TARHZOUTE NAIT ATTA           ,,,,,,,,,,, 1   , 1   ,-5.422493,31.455952,
0752,,565,,TAMEGROUTE                    ,,,,,,,,,,, 1   , 1   ,-5.688552,30.262118,
0753,,565,,NKOB                          ,,,,,,,,,,, 10   , 237   ,-5.86436,30.871362,
0754,,205,,TNINE BOUCHANE                ,,,,,,,,,,, 1   , 1   ,-8.318346,32.28765,
0755,,550,,TALOUET                       ,,,,,,,,,,, -     , -     ,-7.240888,31.289698,
0756,,450,,MARRAKECH ALLA AL FASSI       ,,,,,,,,,,, 99   ," 6,234   ",-8.000139,31.645182,
0757,,450,,MARRAKECH AZLI (ROUT          ,,,,,,,,,,, 66   ," 2,909   ",-8.0405277,31.6250563,
0758,,430,,LAAYOUNE PAL                  ,,,,,,,,,,, 926   ," 22,475   ",-13.2028748,27.1615514,
0759,,430,,LAAYOUNE KHAT RMLA            ,,,,,,,,,,, -     , -     ,-13.1994617,27.1494945,
0760,,430,,LAAYOUNE HAY ERRAHMA          ,,,,,,,,,,, 147   ," 4,160   ",-13.1931827,27.1400059,
0761,,430,,LAAYOUNE SOUK JEMAL           ,,,,,,,,,,, 31   , 769   ,-13.2154343,27.1625668,
0762,,430,,LAAYOUNE HAY TAAOUN           ,,,,,,,,,,, 21   , 640   ,-13.204078,27.144398,
0763,,430,,LAAYOUNE AEREPORT             ,,,,,,,,,,, -     , -     ,-13.2167566,27.1552546,
0764,,430,,LAAYOUNE FAR                  ,,,,,,,,,,, 69   ," 1,656   ",-13.193936,27.15988,
0765,,430,,LAAYOUNE 4EME BAFRA           ,,,,,,,,,,, 35   , 639   ,-13.219471,27.138438,
0766,,430,,LAAYOUNE QUARTIER ADMINISTRATI,,,,,,,,,,, -     , -     ,-13.1980804,27.1546664,
0767,,430,,LAAYOUNE RHIBA                ,,,,,,,,,,, 17   , 480   ,-13.1994644,27.1446268,
0768,,430,,LAAYOUNE MAKKA                ,,,,,,,,,,, -     , -     ,-13.1995771,27.155584,
0769,,430,,LAAYOUNE AL MASSIRA           ,,,,,,,,,,, 195   ," 8,519   ",-13.1874441,27.154275,
0770,,430,,LAAYOUNE PORT                 ,,,,,,,,,,, 60   ," 3,264   ",-13.415124,27.097588,
0771,,430,,LAAYOUNE VILLE                ,,,,,,,,,,, 171   ," 3,818   ",-13.1849671,27.1463333,
0772,,430,,LAAYOUNE HAY AMAL             ,,,,,,,,,,, 185   ," 7,105   ",-13.168619,27.13084,
0773,,450,,MARRAKECH MASSIRA 2           ,,,,,,,,,,, 98   ," 4,841   ",-8.0607623,31.6387244,
0774,,430,,LAAYOUNE ENNAHDA              ,,,,,,,,,,, 69   ," 3,209   ",-13.4092775,27.0968116,
0775,,260,,ESSEMARA PAL                  ,,,,,,,,,,, 597   ," 18,953   ",-11.67056,26.74019,
0776,,260,,ESSEMARA ECHAHID              ,,,,,,,,,,, 51   ," 1,272   ",-11.677458,26.738317,
0777,,260,,ESSEMARA FAR                  ,,,,,,,,,,, -     , -     ,-11.678875,26.739306,
0778,,130,,BOUJDOUR                      ,,,,,,,,,,, 165   ," 6,545   ",-14.482306,26.127382,
0779,,531,,AOUSSERD                      ,,,,,,,,,,, 5   , 4   ,-14.331043,22.548334,
0780,,530,,DAKHLA PAL                    ,,,,,,,,,,," 1,130   "," 22,445   ",-15.930047,23.700744,
0781,,530,,DAKHLA BIR ANZARANE           ,,,,,,,,,,, 241   ," 7,604   ",-15.934529,23.700339,
0782,,530,,DAKHLA FAR                    ,,,,,,,,,,, 187   ," 5,676   ",-13.219471,27.138438,
0783,,324,,ZAG                           ,,,,,,,,,,, 470   ," 3,868   ",-9.296279,28.022033,
0784,,90,,FOUM OUDI                     ,,,,,,,,,,, 9   , 125   ,-6.429955,32.278491,
0785,,70,,AZILAL                        ,,,,,,,,,,, 170   ," 4,710   ",-6.5660262,31.9674955,
0786,,70,,AZILAL MEDINA                 ,,,,,,,,,,, 36   ," 1,580   ",-6.579115,31.955394,
0787,,76,,TANNANT                       ,,,,,,,,,,, -     , -     ,-6.941659,31.862488,
0788,,74,,BZOU                          ,,,,,,,,,,, 4   , 5   ,-7.056243,32.091074,
0789,,72,,TABANNT                       ,,,,,,,,,,, 1   , 0   ,-6.421074,31.658381,
0790,,71,,AIT MHAMED                    ,,,,,,,,,,, -     , -     ,-6.474043,31.878496,
0791,,70,,BNI AYAT                      ,,,,,,,,,,, 3   , 2   ,-6.583632,32.216709,
0792,,190,,EL KELAA DES SRARHNA VILLE    ,,,,,,,,,,, 33   , 983   ,-7.408602,32.0465491,
0793,,190,,EL KELAA DES SRARHNA EL QODS  ,,,,,,,,,,, 56   ," 3,170   ",-7.397436,32.0601595,
0800,,90,,FOUM EL ANSER                 ,,,,,,,,,,, -     , -     ,-6.262038,32.37293,
0801,,90,,SIDI JABER                    ,,,,,,,,,,, 30   , 743   ,-6.453215,32.369941,
0802,,100,,KHEMIS OULED AYAD             ,,,,,,,,,,, 90   ," 1,346   ",-6.7999229,32.2003244,
0803,,90,,BENI MELLAL OULED HAMDANE     ,,,,,,,,,,, 175   ," 8,625   ",-6.3675846,32.3361831,
0804,,91,,OULED MBARK                   ,,,,,,,,,,, 34   , 719   ,-6.455981,32.281142,
0805,,92,,OULED YAICHE                  ,,,,,,,,,,, 39   , 786   ,-6.328113,32.4354365,
0806,,90,,BENI MELLAL PPAL              ,,,,,,,,,,, 703   ," 25,565   ",-6.3592816,32.3334411,
0807,,90,,BENI MELLAL LAAYOUNE          ,,,,,,,,,,, -     , -     ,-6.3501513,32.3406115,
0808,,90,,BENI MELLAL SIDI ABDELHALIM   ,,,,,,,,,,, 15   ," 1,019   ",-6.3493091,32.3352156,
0809,,94,,DAR OULED ZIDOUH              ,,,,,,,,,,, 26   , 358   ,-6.89751,32.308009,
0810,,84,,OUAOUIZERHT                   ,,,,,,,,,,, 43   ," 1,581   ",-6.353901,32.158766,
0811,,85,,AFOURER                       ,,,,,,,,,,, 134   ," 3,608   ",-6.5315974,32.2119568,
0812,,90,,BENI MELLAL AIN ASSERDOUNE    ,,,,,,,,,,, 174   ," 5,948   ",-6.3447252,32.3403803,
0813,,75,,AIT ATTAB                     ,,,,,,,,,,, 39   ," 1,007   ",-6.710672,32.110637,
0814,,98,,TAGHZIRT                      ,,,,,,,,,,, 26   , 431   ,-6.20745,32.437782,
0815,,88,,TILOUGGUITE                   ,,,,,,,,,,, -     , -     ,-6.211892,32.029326,
0816,,70,,BINE EL OUIDANE               ,,,,,,,,,,, 2   , 1   ,-6.460546,32.108388,
0817,,70,,TNINE TIMOULILT               ,,,,,,,,,,, -     , -     ,-6.464727,32.202888,
0818,,621,,BERRECHID PPAL                ,,,,,,,,,,, 190   ," 9,468   ",-7.588512,33.265857,
0819,,621,,BERRECHID YASMINA             ,,,,,,,,,,, 138   ," 6,683   ",-7.5812638,33.263377,
0820,,610,,DEROUA OULED ZIANE            ,,,,,,,,,,, 536   ," 20,162   ",-7.540778,33.374755,
0821,,794,,NOUACEUR                      ,,,,,,,,,,, 2   , 2   ,-7.547943,33.373548,
0822,,70,,TISLIT                        ,,,,,,,,,,, -     , -     ,-6.857346,31.97454,
0823,,621,,BERRECHID HAY HASSANI         ,,,,,,,,,,, 66   ," 3,114   ",-7.5737939,33.2694142,
0824,,405,,BEJJAAD 11 JANVIER            ,,,,,,,,,,, 67   ," 2,274   ",-6.39606,32.769197,
0825,,400,,TACHREFT                      ,,,,,,,,,,, -     , -     ,-6.47562,32.834698,
0826,,406,,TLETA CHOUGRANE               ,,,,,,,,,,, -     , -     ,-6.380289,32.8977,
0827,,400,,HAD BNI BATAO                 ,,,,,,,,,,, -     , -     ,-6.289997,32.828772,
0828,,405,,BEJJAAD PPAL                  ,,,,,,,,,,, 197   ," 5,819   ",-6.3908833,32.770086,
0829,,101,,FKIH BEN SALAH PPAL           ,,,,,,,,,,, 203   ," 7,375   ",-6.6869429,32.5049052,
0830,,95,,SEBT OULED NEMMA              ,,,,,,,,,,, 232   ," 6,882   ",-6.7012766,32.294479,
0831,,90,,SIDI AISSA BEN ALI            ,,,,,,,,,,, -     , -     ,-6.653021,32.342907,
0832,,95,,SEBT OULAD NEMMA AVENUE DES FA,,,,,,,,,,, 1   , 15   ,-6.7022395,32.2949189,
0833,,90,,BENI MELLAL HAY MOHAMMADI     ,,,,,,,,,,, 129   ," 4,828   ",-6.358777,32.346993,
0834,,108,,HAD BRADIA                    ,,,,,,,,,,, 3   , 55   ,-6.536264,32.448498,
0835,,108,,HAD BRADIA SANABIL            ,,,,,,,,,,, 11   , 516   ,-6.540706,32.453595,
0836,,103,,BNI OUKIL                     ,,,,,,,,,,, 3   , 28   ,-6.838002,32.574637,
0837,,101,,FKIH BEN SALAH GARE           ,,,,,,,,,,, 75   ," 2,081   ",-6.687943,32.490189,
0838,,101,,FKIH BEN SALEH ALLAL BEN ABDELLAH,,,,,,,,,,, -     , -     ,-6.686943,32.504905,
0839,,104,,KASBA TADLA PPAL              ,,,,,,,,,,, 859   ," 8,595   ",-6.2622714,32.5989812,
0840,,104,,KASBA TADLA CASERNE ASSOU OUBA,,,,,,,,,,, 76   , 663   ,-6.272035,32.590177,
0841,,96,,EL KSIBA                      ,,,,,,,,,,, 40   , 955   ,-6.032342,32.566093,
0842,,99,,ZAOUIA ECHCHEIKH              ,,,,,,,,,,, 134   ," 2,406   ",-5.918117,32.64396,
0843,,97,,ARHBALA                       ,,,,,,,,,,, 1   , 0   ,-5.642475,32.47889,
0844,,104,,KASBA TADLA HAY BOUDRAA       ,,,,,,,,,,, 211   ," 2,918   ",-6.2794651,32.6005404,
0845,,96,,EL KSIBA MASSIRA              ,,,,,,,,,,, 157   ," 4,754   ",-6.032983,32.567178,
0846,,400,,KHOURIBGA PPAL                ,,,,,,,,,,, 343   ," 14,010   ",-6.9115699,32.8819433,
0847,,400,,KHOURIBGA NAHDA               ,,,,,,,,,,, -     , -     ,-6.9041804,32.8857769,
0848,,400,,KHOURIBGA AL MASSIRA          ,,,,,,,,,,, 5   , 69   ,-6.8918395,32.88916,
0849,,810,,AGENCE MOBILE                 ,,,,,,,,,,, -     , -     ,-,-,
0850,,400,,KHOURIBGA HAY ESSALAM         ,,,,,,,,,,, -     , -     ,-6.8992894,32.8760652,
0851,,401,,BOUJNIBA                      ,,,,,,,,,,, 22   ," 1,089   ",-6.777796,32.8979672,
0852,,400,,KHOURIBGA FAR                 ,,,,,,,,,,, 97   ," 1,321   ",-6.950934,32.866413,
0853,,400,,BOULANOUAR                    ,,,,,,,,,,, 8   , 213   ,-6.876921,32.856892,
0854,,400,,HATTANE                       ,,,,,,,,,,, 17   , 291   ,-6.803278,32.839769,
0855,,400,,KHOURIBGA ZELLAGA             ,,,,,,,,,,, 141   ," 5,945   ",-6.9160492,32.8880789,
0856,,400,,EL GUEFFAF                    ,,,,,,,,,,, 62   ," 1,492   ",-6.719652,32.922213,
0857,,400,,SEBT BENI YAKHLEF             ,,,,,,,,,,, -     , -     ,-6.821094,32.951658,
0858,,400,,KHOURIBGA AL QODS             ,,,,,,,,,,, 125   ," 5,420   ",-6.9301925,32.8854143,
0859,,400,,KHOURIBGA AL FATH             ,,,,,,,,,,, 32   ," 1,082   ",-6.9286931,32.8902512,
0860,,411,,OUED ZEM PPAL                 ,,,,,,,,,,, 197   ," 14,927   ",-6.5706571,32.861495,
0861,,411,,OUED ZEM EL KOREA             ,,,,,,,,,,, -     , -     ,-6.5859497,32.8605104,
0862,,411,,OUED ZEM EL MADINA            ,,,,,,,,,,, -     , -     ,-6.568249,32.862673,
0863,,384,,MOULAY BOUAZZA                ,,,,,,,,,,, 9   , 73   ,-6.196445,33.22655,
0864,,400,,OULED BOUGHADI                ,,,,,,,,,,, -     , -     ,-6.711759,33.073693,
0865,,411,,OUED ZEM AL WAHDA             ,,,,,,,,,,, 38   ," 2,533   ",-6.5779822,32.8591767,
0866,,610,,SETTAT PRINCIPAL              ,,,,,,,,,,, 387   ," 23,388   ",-7.620497,33.001954,
0867,,610,,SETTAT NAFISSE                ,,,,,,,,,,, -     , -     ,-7.616873,33.004849,
0868,,610,,SETTAT BIR BAOUCH             ,,,,,,,,,,, -     , -     ,-7.526032,33.036055,
0869,,626,,EL BOUROUJ                    ,,,,,,,,,,, 11   , 473   ,-7.1909273,32.5068664,
0870,,623,,OULAD ABBOU                   ,,,,,,,,,,, 10   , 145   ,-7.937413,33.116657,
0871,,614,,OULAD SAID                    ,,,,,,,,,,, -     , -     ,-7.814881,32.968424,
0872,,618,,RAS EL AIN                    ,,,,,,,,,,, 4   , 130   ,-7.393836,32.980979,
0873,,610,,BNI KHLOUG                    ,,,,,,,,,,, 4   , 120   ,-7.380589,32.641554,
0874,,610,,SIDI RAHHAL CHAOUIA           ,,,,,,,,,,, 2   , 1   ,-7.771638,32.780353,
0875,,610,,GUISSER                       ,,,,,,,,,,, 1   , 2   ,-7.5095308,32.7720301,
0876,,610,,SETTAT EL FARAH               ,,,,,,,,,,, 186   ," 8,972   ",-7.6268452,33.008533,
0877,,177,,BIR JDID                      ,,,,,,,,,,, 70   ," 2,921   ",-7.993892,33.375008,
0878,,629,,HAD SOUALEM                   ,,,,,,,,,,, 195   ," 15,211   ",-7.8599668,33.4186679,
0879,,610,,SETTAT SAMIR                  ,,,,,,,,,,, 72   ," 3,998   ",-7.6102102,33.0019379,
0880,,240,,ARBAA IDA OUGOURD             ,,,,,,,,,,, -     , -     ,-9.637526,31.424067,
0881,,175,,SIDI BOUZID                   ,,,,,,,,,,, 24   ," 1,966   ",-8.5519083,33.2302026,
0882,,171,,MOULAY ABDELLAH               ,,,,,,,,,,, 35   , 934   ,-8.58798,33.198697,
0883,,188,,TNINE GHARBIA                 ,,,,,,,,,,, -     , -     ,-8.8549108,32.5701196,
0884,,183,,OULAD AMRANE                  ,,,,,,,,,,, 10   , 379   ,-8.517843,32.390845,
0885,,170,,EL JADIDA PPAL                ,,,,,,,,,,, 436   ," 46,035   ",-8.5019964,33.2513695,
0886,,170,,EL JADIDA BIRANZARANE         ,,,,,,,,,,, 85   ," 5,724   ",-8.4924316,33.2230587,
0887,,170,,EL JADIDA SAADA               ,,,,,,,,,,, 79   ," 7,199   ",-8.5273916,33.2412359,
0888,,170,,EL JADIDA BOUCHRIT            ,,,,,,,,,,, 23   ," 1,532   ",-8.5087891,33.2539771,
0889,,170,,EL JADIDA JOUHARA             ,,,,,,,,,,, 63   ," 4,757   ",-8.4932175,33.2331664,
0890,,176,,AZEMMOUR                      ,,,,,,,,,,, 74   ," 5,450   ",-8.3432821,33.2887579,
0891,,176,,AZEMMOUR OUM ERRABIA          ,,,,,,,,,,, -     , -     ,-8.342500,33.280556,
0892,,186,,KHEMIS DES ZEMAMRA            ,,,,,,,,,,, 41   ," 2,520   ",-8.6961696,32.625473,
0893,,179,,SIDI BENNOUR                  ,,,,,,,,,,, 177   ," 8,874   ",-8.4233366,32.6494829,
0894,,185,,OULED FREJ                    ,,,,,,,,,,, 56   ," 4,349   ",-8.2217887,32.9565033,
0895,,184,,SIDI SMAIL                    ,,,,,,,,,,, 9   , 138   ,-8.5100887,32.8238099,
0896,,182,,ARBAA AOUNATE                 ,,,,,,,,,,, 5   , 249   ,-8.19432,32.741409,
0897,,170,,EL JADIDA PLATEAU             ,,,,,,,,,,, 147   ," 12,613   ",-8.5163959,33.2495953,
0898,,187,,OUALIDIA                      ,,,,,,,,,,, 16   ," 1,017   ",-9.0336478,32.7345777,
0899,,181,,SEBT BENI HLAL                ,,,,,,,,,,, 2   , 6   ,-8.3776975,32.8004692,
0900,,590,,SAFI PPAL                     ,,,,,,,,,,, 311   ," 15,498   ",-9.234803,32.294012,
0901,,590,,SAFI AL MASSIRA               ,,,,,,,,,,, 28   ," 3,903   ",-9.225643,32.2833935,
0902,,590,,SAFI LES COURSES              ,,,,,,,,,,, -     , -     ,-9.2455664,32.2742455,
0903,,590,,SAFI NOUVELLE MEDINA          ,,,,,,,,,,, -     , -     ,-9.230729,32.296746,
0904,,601,,CHEMAIA                       ,,,,,,,,,,, 176   ," 6,580   ",-8.6220842,32.0802859,
0905,,596,,JEMAA SHAIM                   ,,,,,,,,,,, 4   , 410   ,-8.841151,32.354543,
0906,,607,,YOUSSOUFIA                    ,,,,,,,,,,, 123   ," 6,295   ",-8.5346429,32.2436692,
0907,,607,,YOUSSOUFIA QUARTIER TAKADOUM  ,,,,,,,,,,, 12   , 534   ,-8.5352612,32.2534451,
0908,,595,,TLETA SIDI BOUGUEDRA          ,,,,,,,,,,, 1   , 452   ,-8.979655,32.255809,
0909,,593,,SEBT GZOULA                   ,,,,,,,,,,, 34   ," 1,674   ",-9.0865396,32.1073208,
0910,,590,,SAFI SIDI BOUDHAB             ,,,,,,,,,,, 185   ," 7,714   ",-9.2432061,32.2970977,
0911,,599,,HAD HARARA                    ,,,,,,,,,,, -     , -     ,-9.135277,32.438171,
0912,,590,,TLETA IRHOUD                  ,,,,,,,,,,, -     , -     ,-8.88088,31.859606,
0913,,590,,SAFI SIDI OUASSEL             ,,,,,,,,,,, 52   ," 4,513   ",-9.250094,32.2568418,
0914,,240,,ESSAOUIRA PPAL                ,,,,,,,,,,, 147   ," 9,475   ",-9.7663549,31.5101604,
0915,,240,,ESSAOUIRA SCALA               ,,,,,,,,,,, 7   ," 1,530   ",-9.7708471,31.513418,
0916,,251,,TAMANAR                       ,,,,,,,,,,, 4   , 55   ,-9.678676,30.999738,
0917,,256,,SMIMOU                        ,,,,,,,,,,, -     , -     ,-9.703634,31.212379,
0918,,246,,TLATA HANCHANE                ,,,,,,,,,,, -     , -     ,-9.4429315,31.5257773,
0919,,243,,TAFTECHT                      ,,,,,,,,,,, -     , -     ,-9.253355,31.581543,
0920,,248,,TALMEST                       ,,,,,,,,,,, -     , -     ,-9.3376441,31.8160256,
0921,,240,,BIZDAD                        ,,,,,,,,,,, -     , -     ,-9.374181,31.27492,
0922,,252,,AIT DAOUD                     ,,,,,,,,,,, -     , -     ,-9.351098,31.080678,
0923,,590,,SIDI AHMED                    ,,,,,,,,,,, 4   , 89   ,-8.495232,32.212649,
0924,,590,,SAFI SIDI ABDELKRIM           ,,,,,,,,,,, 288   ," 11,957   ",-9.2343977,32.3070072,
0925,,110,,BENSLIMANE PPAL               ,,,,,,,,,,, 441   ," 29,835   ",-7.1199131,33.6117668,
0926,,110,,BENSLIMANE FAR                ,,,,,,,,,,, -     , -     ,-7.156389,33.620556,
0927,,122,,BENI YEKHLEF                  ,,,,,,,,,,, 86   ," 5,788   ",-7.340546,33.683599,
0928,,111,,FEDALATE                      ,,,,,,,,,,, 15   , 678   ,-7.30752,33.568732,
0929,,110,,BENSLIMANE FATH               ,,,,,,,,,,, 140   ," 8,060   ",-7.129725,33.625028,
0930,,590,,SAFI AZIB DRAI                ,,,,,,,,,,, 83   ," 2,604   ",-9.219847,32.292944,
0931,,112,,MELLILA                       ,,,,,,,,,,, -     , -     ,-7.146059,33.388845,
0932,,240,,ESSAOUIRA GARE ROUTIERE       ,,,,,,,,,,, 157   ," 8,500   ",-9.7602475,31.517098,
0933,,123,,SIDI MOUSSA BEN ALI           ,,,,,,,,,,, 17   , 829   ,-7.373482,33.562633,
0934,,244,,HAD DRAA                      ,,,,,,,,,,, -     , -     ,-9.537343,31.577423,
0935,,240,,ZAOUIA BEN HMIDA              ,,,,,,,,,,, -     , -     ,-9.372475,31.754376,
0936,,190,,SAHRIJ                        ,,,,,,,,,,, 9   , 197   ,-7.149729,31.803303,
0937,,194,,LAATAOUIA ECHCHAIBIA          ,,,,,,,,,,, 117   ," 3,533   ",-7.3121913,31.8335424,
0938,,207,,TAMELELT                      ,,,,,,,,,,, 13   , 429   ,-7.50901,31.816475,
0939,,478,,ASNI                          ,,,,,,,,,,, 9   , 181   ,-7.984041,31.247219,
0940,,197,,SIDI BOU OTHMANE              ,,,,,,,,,,, 16   , 307   ,-7.943834,31.902589,
0941,,468,,SIDI MOKHTAR                  ,,,,,,,,,,, 10   , 445   ,-9.011192,31.579132,
0942,,196,,SIDI RAHHAL                   ,,,,,,,,,,, 21   , 326   ,-7.4704752,31.652372,
0943,,462,,TLETA NYACOUB                 ,,,,,,,,,,, 1   , 1   ,-8.182944,30.991135,
0944,,475,,TAHANAOUTE                    ,,,,,,,,,,, 105   ," 3,666   ",-7.946302,31.367329,
0945,,190,,HAD RAS EL AIN                ,,,,,,,,,,, -     , -     ,-7.618614,31.753332,
0946,,190,,NZALATE LAADIM                ,,,,,,,,,,, 2   , 3   ,-7.952653,32.097854,
0947,,201,,BENGUERIR PPAL                ,,,,,,,,,,, 357   ," 17,487   ",-7.9604665,32.2384275,
0948,,201,,BENGUERIR BASE MILITAIRE      ,,,,,,,,,,, 301   ," 8,508   ",-7.906637,32.129541,
0949,,500,,NADOR OULED BOUTAYEB          ,,,,,,,,,,, 4   , 344   ,-2.9489735,35.1669522,
0950,,640,,TANGER ZONE FRANCHE           ,,,,,,,,,,, -     , -     ,-5.8042091,35.7845816,
0951,,346,,SIDI KACEM BIR ANZARANE       ,,,,,,,,,,, -     , -     ,-5.711917,34.217256,
0952,,643,,ASSILAH IBNOU HANBAL          ,,,,,,,,,,, -     , -     ,-6.036878,35.456801,
0953,,270,,FES BENDEBBAB                 ,,,,,,,,,,, 163   ," 9,944   ",-4.999246,34.065041,
0954,,330,,KENITRA SAKNIA                ,,,,,,,,,,, 104   ," 5,842   ",-6.5519299,34.2493915,
0955,,570,,OUJDA SAMARA                  ,,,,,,,,,,, 46   ," 2,422   ",-1.9411348,34.6512576,
0956,,570,,OUJDA 18 MAI                  ,,,,,,,,,,, 18   , 557   ,-1.9522459,34.683083,
0957,,270,,FES AL WIFAK                  ,,,,,,,,,,, 85   ," 5,898   ",-5.0269801,34.0193454,
0958,,810,,RABAT MUSEE DES PTT           ,,,,,,,,,,, -     , -     ,-6.834510,34.014703,
0959,,780,,CASA HAY SEDRI NCR            ,,,,,,,,,,, 120   ," 7,213   ",-7.558484,33.569181,
0960,,179,,SIDI BENNOUR AL MASSIRA       ,,,,,,,,,,, 15   , 920   ,-8.431192,32.648978,
0961,,270,,FES HAY TAREK                 ,,,,,,,,,,, 51   ," 2,457   ",-5.0239921,34.0279441,
0962,,542,,BIRGANDOUZ                    ,,,,,,,,,,, 7   , 263   ,-16.467444,21.612778,
0963,,780,,CASABLANCA ANASSI,,,,,,,,,,, 116   ," 8,063   ",-7.4991449,33.5945039,
0964,,400,,KHOURIBGA AL AMAL,,,,,,,,,,, 84   ," 4,674   ",-6.927817,32.890159,
0965,,610,,SETTAT HAY MIMOUNA,,,,,,,,,,, 92   ," 3,310   ",-7.6276714,33.0049375,
0966,,480,,MEKNES SIDI BOUZEKRI,,,,,,,,,,, 89   ," 6,344   ",-5.5345559,33.8639947,
0967,,815,,SALE DAR HAMRA,,,,,,,,,,, 115   ," 4,338   ",-6.7806352,34.0634723,
0968,,10,,AGADIR DRARGA,,,,,,,,,,, 62   ," 3,082   ",-9.4842133,30.3830543,
0969,,10,,SIDI BIBI,,,,,,,,,,, 86   ," 2,745   ",-9.524986,30.239224,
0970,,450,,MARRAKECH ABRAJ AL KOUTOUBIA,,,,,,,,,,, 37   ," 2,175   ",-8.056884,31.573565,
0971,,450,,MARRAKECH BORJ ZAITOUN,,,,,,,,,,, 23   ," 1,493   ",-8.048822,31.587357,
0972,,450,,MARRAKECH TARGA,,,,,,,,,,, 32   ," 1,497   ",-8.0493415,31.636201,
0973,,450,,MARRAKECH AZZOUZIA,,,,,,,,,,, 25   ," 1,785   ",-8.061733,31.682816,
0974,,450,,MARRAKECH JARDINS DES ORANGERS,,,,,,,,,,, -     , -     ,-7.999039,31.610091,
0975,,780,,CASABLANCA AL AZHAR,,,,,,,,,,, 47   ," 3,422   ",-7.4842001,33.6008676,
0976,,780,,CASABLANCA DRISS EL HARTI,,,,,,,,,,, 42   ," 2,976   ",-7.5740326,33.5478418,
0977,,41,,ASKAOUN,,,,,,,,,,, -     , -     ,-7.776181,30.740281,
0978,,625,,SIDI RAHHAL PLAGE,,,,,,,,,,, 53   ," 4,378   ",-7.956647,33.472091,
0979,,780,,CASABLANCA ADDOHA,,,,,,,,,,, 334   ," 45,986   ",-7.543151,33.604872,
0980,,810,,RABAT ADDOHA,,,,,,,,,,, 56   ," 10,628   ", -6.849225,33.998991,
0981,,570,,OUJDA BASSATINE,,,,,,,,,,, 7   , 42   ,-1.88136,34.709653,
0982,,530,,DAKHLA AL WAKALA,,,,,,,,,,, 253   ," 6,397   ",-15.951808,23.701667,
0983,,270,,FES ZOUAGHA,,,,,,,,,,, 58   ," 3,154   ",-5.035893,34.021644,
0984,,750,,TIZNIT AL MASSIRA,,,,,,,,,,, 10   , 285   ,-9.7195182,29.6830172,
0985,,728,,MDIQ MARINA,,,,,,,,,,, 41   ," 3,923   ",-5.340782,35.754027,
0986,,480,,MEKNES MARJANE,,,,,,,,,,, 76   ," 7,315   ",-5.576302,33.862224,
0987,,690,,TAZA MOULAY YOUSSEF,,,,,,,,,,, 102   ," 5,215   ",-4.011048,34.213368,
0988,,640,,TANGER PORT MED,,,,,,,,,,, 5   , 72   ,-5.495481,35.88872,
0989,,170,,EL JADIDA BD EL ALAOUIYNE,,,,,,,,,,, 81   ," 9,074   ",-8.524398,33.23589,
0990,,621,,BERRECHID HAY TISSIR,,,,,,,,,,, 53   ," 3,797   ",-7.582803,33.274917,
0991,,640,,TANGER BENDIBANE,,,,,,,,,,, 59   ," 1,390   ",-5.814184,35.753071,
0992,,640,,TANGER DAR MOUIGNA,,,,,,,,,,, 61   ," 1,503   ",-5.821563,35.758944,
0993,,640,,TANGER BRANES,,,,,,,,,,, 26   ," 1,709   ",-5.837173,35.762267,
0994,,570,,OUJDA NAJD,,,,,,,,,,, 6   , 54   ,-1.873794,34.661602,
0995,,210,,AGENCE MOBILE Errachidia Principal,,,,,,,,,,, -     , -     ,-,-,
0996,,640,,AGENCE MOBILE TANGER Principal,,,,,,,,,,, -     , -     ,-,-,
0997,,41,,AGENCE MOBILE  TAROUDANT  Principal,,,,,,,,,,, -     , -     ,-,-,
0998,,99,,Zaouia Echcheikh Bd Hassan II,,,,,,,,,,, -     , -     ,-5.922575,32.638887,
0999,,270,,AGENCE MOBILE FES Principal,,,,,,,,,,, -     , -     ,-,-,
1000,,430,,AGENCE MOBILE LAAYOUNE Principal,,,,,,,,,,, -     , -     ,-,-,
1001,,450,,MARRAKECH ADDOHA,,,,,,,,,,, -     , -     ,-8.075575,31.639602,
1002,,550,,AGENCE MOBILE OUARZAZATE Principale,,,,,,,,,,, -     , -     ,-,-,
1003,,570,,AGENCE MOBILE OUJDA Principale,,,,,,,,,,, -     , -     ,-,-,
1004,,590,,AGENCE MOBILE SAFI Principale,,,,,,,,,,, -     , -     ,-,-,
1005,,610,,AGENCE MOBILE SETTAT Principale,,,,,,,,,,, -     , -     ,-,-,
1006,,690,,AGENCE MOBILE TAZA Principale,,,,,,,,,,, -     , -     ,-,-,
1007,,750,,AGENCE MOBILE TIZNIT Principale,,,,,,,,,,, -     , -     ,-,-,
1008,,780,,AGENCE MOBILE CASABLANCA NORD,,,,,,,,,,, -     , -     ,-,-,
1009,,780,,AGENCE MOBILE CASABLANCA SUD,,,,,,,,,,, -     , -     ,-,-,
1010,,810,,AGENCE MOBILE RABAT PRINCIPAL,,,,,,,,,,, -     , -     ,-,-,
1011,,270,,Aarsat Azaytoune,,,,,,,,,,, 13   , 758   ,-5.040423,33.990374,
1012,,380,,AGENCE MOBILE KHENIFRA PRINCIPALE,,,,,,,,,,, -     , -     ,-,-,
1013,,330,,AGENCE MOBILE KENITRA PRINCIPALE,,,,,,,,,,, -     , -     ,-,-,
1014,,810,,RABAT FAL OULED OUMEIR,,,,,,,,,,, 69   ," 8,564   ",-6.849705,33.999317,
1015,1015,530,,DAKHLA HAY ESSALAM,,,,,,,,,,, 144   ," 4,942   ",-15.950207,23.690669,
1016,1016,430,,LAAYOUNE HAY MOULAY RACHID,,,,,,,,,,, 63   ," 2,432   ",-13.19362,27.145794,
1017,1017,780,,CASABLANCA HADJ FATEH ,,,,,,,,,,, 31   ," 2,131   ",-7.682732,33.540563,
1020,1020,170,,EL JADIDA BD IBN BADIS,,,,,,,,,,, 60   ," 15,002   ",-8.504317,33.235794,
1021,1021,780,,CASABLANCA OUED SEBOU,,,,,,,,,,, 12   , 769   ,-7.681621,33.551231,
1022,1022,201,,BENGUERIR HASSAN II,,,,,,,,,,, 48   , 748   ,-7.947930,32.227744,
1023,,780,,CASA AL MOUSTAKBAL,,,,,,,,,,, 48   ," 2,458   ",-7.64969,33.52714,
1024,,780,,CASABLANCA BOULEVARD TAH,,,,,,,,,,, 18   ," 1,154   ",-7.58103,33.53374,
1025,,780,,CASABLANCA BOULEVARD ESSMARA,,,,,,,,,,, 29   ," 1,506   ",-7.59194,33.53864,
1026,,815,,SALA EL JADIDA BOUREGREG,,,,,,,,,,, 11   , 886   ,-6.729543,33.995091,
1027,,825,,TEMARA OULED METAA,,,,,,,,,,, 36   ," 5,758   ",-6.894948,33.937162,
1028,,780,,CASABLANCA AL AMAL,,,,,,,,,,, 21   ," 1,908   ",-7.514559,33.605864,
1029,,10,,AGADIR ISLANE,,,,,,,,,,, 30   ," 3,091   ",-9.560110,30.433754,
1030,,780,,CASABLANCA ROUDANI,,,,,,,,,,, 40   ," 4,862   ",-7.640374,33.574358,
1031,,10,,OULAD TEIMA HAY MOHAMMADI,,,,,,,,,,, 14   ," 1,035   ",-9.215670,30.392512,
1034,,450,,TAMANSOURT,,,,,,,,,,, 44   ," 2,307   ",-8.116886,31.748138,
1035,,780,,CASABLANCA ALANDALOUS,,,,,,,,,,, 13   , 624   ,-7.498820,33.589848,
1036,,780,,CASABLANCA HAY AL MASSIRA,,,,,,,,,,, 8   , 527   ,-7.534921,33.565695,
1037,,780,,CASABLANCA HAY MOULAY ABDELLAH,,,,,,,,,,, 6   , 458   ,-7.584890,33.539447,
1039,,780,,CASABLANCA CHARAF,,,,,,,,,,, 5   , 256   ,-7.695111,33.546635,
1040,,11,,BIOUGRA AVENUE HASSAN II,,,,,,,,,,, 6   , 468   ,-9.374339,30.219478,
1042,,281,,SEFROU ESSALAM,,,,,,,,,,, 22   ," 2,052   ",-4.833454,33.827840,
1043,,480,,MEKNES BOUSTANE,,,,,,,,,,, 29   ," 2,856   ",-5.479423,33.905614,
