Code guichet                            ,Code Localités                                         ,Code Términal GAB,GUICHETS,GAB| Nombre total des GAB,dont ceux servant à collecter les dépôts,gpsx,gpsy
614,12,1600294,AIT BAHA                      ,1,,-9.158379,30.069117
681,17,1600531,AOURIR                        ,1,,-9.672411,30.498001
594,10,1600064,AGADIR FAR                    ,1,,-9.591667,30.416667
582,22,11600007,AIT MELLOUL HAY AZROU         ,1,,-9.4622621,30.3595532
676,650,1600776,TAN TAN CITE ADMINISTRATIVE   ,1,,-11.1072314,28.4385298
634,323,1600271,ASSA                          ,1,,-9.424062,28.60864
625,650,1600077,TAN TAN PRINCIPAL             ,1,,-11.0980542,28.4365793
679,20,1600654,DCHEIRA HAY ILHAM             ,1,,-9.52689,30.363767
656,750,11600177,TIZNIT                        ,1,,-9.732897,29.6948262
602,10,1600036,AGADIR PRINCIPAL              ,1,,-9.597514,30.420719
650,45,11600014,OULAD BERREHIL                ,1,,-8.4759415,30.6388535
604,10,11600228,AGADIR CITE SIDI MOHAMED      ,1,,-9.583506,30.4251679
593,10,1600325,AGADIR QUARTIER INDUSTERIEL   ,1,,-9.5891414,30.4139924
615,11,1600756,BIOUGRA                       ,1,,-9.3696213,30.2149157
968,10,11600224,AGADIR DRARGA,1,,-9.4842133,30.3830543
680,41,1600889,TAROUDANNT MEDINA             ,1,,-8.884576,30.470139
604,10,1600897,AGADIR CITE SIDI MOHAMED      ,1,,-9.583506,30.4251679
642,681,1600758,AKKA                          ,1,,-8.255099,29.391617
586,22,11600016,AIT MELLOUL ZONE INDUSTRIELLE ,1,,-9.491753,30.3314003
747,552,1600893,IGHREM NOUGDAL                ,1,,-7.421109,31.229521
622,325,1600075,BOUIZAKARNE                   ,1,,-9.7124908,29.1782341
599,12,11600040,AIT AMIRA                     ,1,,-9.487255,30.17675
600,24,11600233,TAMRI                         ,1,,-9.826182,30.695244
648,680,1600759,TATA                          ,1,,-7.9667871,29.7403796
634,323,1600084,ASSA                          ,1,,-9.424062,28.60864
625,650,1600775,TAN TAN PRINCIPAL             ,1,,-11.0980542,28.4365793
620,22,1600755,AIT MELLOUL                   ,1,,-9.4990593,30.3466346
612,28,1600652,OULAD TEIMA                   ,1,,-9.2105703,30.3955482
623,320,1600779,GUELMIM PRINCIPAL             ,1,,-10.0568086,28.9877539
623,320,11600282,GUELMIM PRINCIPAL             ,1,,-10.0568086,28.9877539
621,22,11600045,AIT MELLOUL HAY RIAD          ,1,,-9.5042199,30.3336042
783,324,11600085,ZAG                           ,1,,-9.296279,28.022033
625,650,1600215,TAN TAN PRINCIPAL             ,1,,-11.0980542,28.4365793
620,22,1600621,AIT MELLOUL                   ,1,,-9.4990593,30.3466346
1029,10,11600230,AGADIR ISLANE,1,,-9.560110,30.433754
678,650,1600297,EL OUATIA                     ,1,,-11.3320971,28.4984952
602,10,1600452,AGADIR PRINCIPAL              ,1,,-9.597514,30.420719
733,561,1600894,TALIOUINE                     ,1,,-7.924058,30.532071
588,10,11600171,AGADIR HAY DAKHLA             ,1,,-9.5566169,30.4112271
587,10,1600308,BENSERGAO                     ,1,,-9.5686506,30.3931445
667,44,11600041,FREIJA                        ,1,,-8.797887,30.5051603
623,320,1600811,GUELMIM PRINCIPAL             ,1,,-10.0568086,28.9877539
628,761,1600853,IFNI PRINCIPAL                ,1,,-10.1725647,29.3831391
969,10,1600898,SIDI BIBI,1,,-9.524986,30.239224
984,750,1600666,TIZNIT AL MASSIRA,1,,-9.7195182,29.6830172
588,10,11600128,AGADIR HAY DAKHLA             ,1,,-9.5566169,30.4112271
626,650,11600006,TAN TAN  MEDINA               ,1,,-11.1089869,28.4282508
601,10,1600752,AGADIR TALBORJT               ,1,,-9.5910082,30.423685
661,763,11600238,MIRLEFT                       ,1,,-10.032208,29.579748
666,13,1600780,HAD AIT BELFAA                ,1,,-9.560885,30.047627
581,10,1600753,AGADIR AL FIDIA               ,1,,-9.5554474,30.4080198
611,21,11600276,INEZGANE PRINCIPAL            ,1,,-9.53311,30.3584111
643,20,1600754,DCHEIRA                       ,1,,-9.539545,30.369372
611,21,1600616,INEZGANE PRINCIPAL            ,1,,-9.53311,30.3584111
609,10,11600060,AGADIR SOUK EL HAD            ,1,,-9.578453,30.413123
589,21,1600307,INEZGANE MESDOURA             ,1,,-9.537655,30.3517129
645,41,1600829,TAROUDANNT                    ,1,,-8.8672382,30.4726237
656,750,1600072,TIZNIT                        ,1,,-9.732897,29.6948262
652,43,1600524,AOULOUZ                       ,1,,-8.178572,30.672707
592,10,1600320,AGADIR ANZA                   ,1,,-9.6560812,30.4449184
611,21,1600831,INEZGANE PRINCIPAL            ,1,,-9.53311,30.3584111
657,750,11600046,TIZNIT BIR ANZARANE           ,1,,-9.7241234,29.690979
603,10,11600017,AGADIR HAY AL WAFA            ,1,,-9.5590979,30.4208528
628,761,1600757,IFNI PRINCIPAL                ,1,,-10.1725647,29.3831391
637,31,11600021,SEBT EL GUERDANE              ,1,,-9.018161,30.383135
596,10,1600532,TIKIOUINE                     ,1,,-9.5031926,30.3770485
645,41,1600260,TAROUDANNT                    ,1,,-8.8672382,30.4726237
584,10,1600370,AGADIR FOUNTY                 ,1,,-9.5901257,30.4018941
662,15,1600281,MASSA                         ,1,,-9.645341,29.991623
602,10,1600542,AGADIR PRINCIPAL              ,1,,-9.597514,30.420719
607,10,1600665,AGADIR EL KHIAM               ,1,,-9.5725036,30.4221712
583,18,11600226,EL KOLEA                      ,1,,-9.460967,30.297664
635,765,1600214,TAFRAOUTE                     ,1,,-8.974778,29.7203253
630,682,1600873,FAM EL HISN                   ,1,,-8.8874567,29.0131648
612,28,11600213,OULAD TEIMA                   ,1,,-9.2105703,30.3955482
597,320,1600778,GUELMIM PORTE  DU SAHARA      ,1,,-10.0486762,28.9990479
976,780,11600068,CASABLANCA DRISS EL HARTI,1,,-7.5740326,33.5478418
539,780,1600730,CASABLANCA BOUSMARA           ,1,,-7.6154539,33.6001739
929,110,1600347,BENSLIMANE FATH               ,1,,-7.129725,33.625028
554,780,1600547,CASA OUM RABIAA               ,1,,-7.6687293,33.5624435
541,780,1600574,CASABLANCA SIDI BERNOUSSI     ,1,,-7.509783,33.610549
544,780,1600686,CASABLANCA  EL HANK           ,1,,-7.6530048,33.603545
578,780,11600191,CASABLANCA ABDELMOUMEN        ,1,,-7.625316,33.577666
522,780,11600141,CASABLANCA AIN DIAB           ,1,,-7.6764138,33.5922627
574,780,1600389,CASA EL GUERNAOUI             ,1,,-7.4967675,33.6113513
1023,780,11600190,CASA AL MOUSTAKBAL,1,,-7.64969,33.52714
512,780,1600428,CASABLANCA SIDI AL KHADIR     ,1,,-7.6864949,33.568403
515,797,1600384,TIT MELLIL                    ,1,,-7.483618,33.5556364
572,780,1600392,CASA QUARTIER DES HOPITAUX    ,1,,-7.6155907,33.5778538
508,787,11600001,MOHAMMEDIA PRINCIPAL          ,1,,-7.3963899,33.7060582
523,780,1600713,CASABLANCA DERB SIDNA         ,1,,-7.604481,33.5766516
524,780,1600714,CASABLANCA EL FIDA            ,1,,-7.604631,33.567386
1024,780,1600892,CASABLANCA BOULEVARD TAH,1,,-7.58103,33.53374
543,793,1600732,MEDIOUNA                      ,1,,-7.520955,33.454745
564,787,1600886,MOHAMMEDIA LACOLLINE          ,1,,-7.373039,33.697717
530,780,1600694,CASABLANCA TAKADOUM           ,1,,-7.5667074,33.5864389
963,780,11600050,CASABLANCA ANASSI,1,,-7.4991449,33.5945039
1025,780,1600891,CASABLANCA BOULEVARD ESSMARA,1,,-7.59194,33.53864
975,780,1600729,CASABLANCA AL AZHAR,1,,-7.4842001,33.6008676
521,780,1600650,CASABLANCA BOURSE             ,1,,-7.6132478,33.5945081
1028,780,11600195,CASABLANCA AL AMAL,1,,-7.514559,33.605864
1017,780,11600183,CASABLANCA HADJ FATEH ,1,,-7.682732,33.540563
577,780,1600420,CASABLANCA SIDI SOUFI         ,1,,-7.6345124,33.6023365
928,111,1600849,FEDALATE                      ,1,,-7.30752,33.568732
1,810,11600087,Siege,1,,-6.8410666,34.0048949
570,780,1600733,CASABLANCA AHL LOGHLAM        ,1,,-7.4899131,33.6004498
1030,780,11600239,CASABLANCA ROUDANI,1,,-7.640374,33.574358
567,780,1600506,CASABLANCA  GHANDI            ,1,,-7.6443165,33.5696729
933,123,1600847,SIDI MOUSSA BEN ALI           ,1,,-7.373482,33.562633
505,780,1600390,CASABLANCA OASIS GARE         ,1,,-7.631612,33.554613
545,780,1600792,CASABLANCA SIDI MOUMEN        ,1,,-7.546299,33.578944
579,780,1600432,CASABLANCA TACHFINE           ,1,,-7.5733888,33.5849552
495,780,1600367,CASABLANCA PRINCIPAL          ,1,,-7.619046,33.592695
567,780,1600522,CASABLANCA  GHANDI            ,1,,-7.6443165,33.5696729
571,780,1600393,CASABLANCA AVENUE M6          ,1,,-7.5959033,33.5652272
553,780,1600887,CASABLANCA HAY ESSALAM        ,1,,-7.651012,33.570452
540,780,1600359,CASABLANCA CITE DJEMAA        ,1,,-7.56875,33.5509602
495,780,11600079,CASABLANCA PRINCIPAL          ,1,,-7.619046,33.592695
573,780,1600391,CASA MBNOUCEIR                ,1,,-7.6275815,33.591235
959,780,11600039,CASA HAY SEDRI NCR            ,1,,-7.558484,33.569181
1021,780,11600186,CASABLANCA OUED SEBOU,1,,-7.681621,33.551231
821,794,1600883,NOUACEUR                      ,1,,-7.547943,33.373548
578,780,1600439,CASABLANCA ABDELMOUMEN        ,1,,-7.625316,33.577666
496,780,1600549,CASA BACHKOU                  ,1,,-7.627379,33.5573374
506,780,11600042,CASABLANCA AIN SEBAA          ,1,,-7.5393261,33.6045872
495,780,1600681,CASABLANCA PRINCIPAL          ,1,,-7.619046,33.592695
497,780,11600018,CASABLANCA ENNASSIM           ,1,,-7.657811,33.519288
538,780,11600025,CASABLANCA BANDOENG           ,1,,-7.6072437,33.5925543
525,780,1600680,CASABLANCA MAARIF             ,1,,-7.636231,33.579941
537,780,1600731,CASABLANCA HAY EL FARAH       ,1,,-7.590724,33.567554
925,110,1600801,BENSLIMANE PPAL               ,1,,-7.1199131,33.6117668
580,780,11600203,CASABLANCA MEKDAD LAHRIZI     ,1,,-7.5617105,33.5437397
565,787,1600543,MOHAMMEDIA RACHIDIA           ,1,,-7.3759595,33.684155
550,780,1600712,CASABLANCA EL OULFA           ,1,,-7.6807416,33.557476
529,780,1600094,CASABLANCA ROCHES NOIRES      ,1,,-7.5841069,33.6003158
495,780,1600682,CASABLANCA PRINCIPAL          ,1,,-7.619046,33.592695
538,780,11600024,CASABLANCA BANDOENG           ,1,,-7.6072437,33.5925543
541,780,1600715,CASABLANCA SIDI BERNOUSSI     ,1,,-7.509783,33.610549
525,780,1600450,CASABLANCA MAARIF             ,1,,-7.636231,33.579941
520,780,1600793,CASABLANCA HAY MY RACHID      ,1,,-7.558347,33.5734962
498,780,11600019,CASABLANCA BOULEVARD 10 MARS  ,1,,-7.565329,33.561631
560,780,11600065,CASABLANCA AIN BORJA          ,1,,-7.583191,33.5845385
551,780,1600484,LISSASFA                      ,1,,-7.6726105,33.5316413
576,780,1600548,CASA AL HOUDA                 ,1,,-7.5245833,33.5823945
925,110,1600167,BENSLIMANE PPAL               ,1,,-7.1199131,33.6117668
500,780,11600002,CASA EMILE ZOLA               ,1,,-7.593441,33.595658
495,780,1600810,CASABLANCA PRINCIPAL          ,1,,-7.619046,33.592695
878,629,1600244,HAD SOUALEM                   ,1,,-7.8599668,33.4186679
517,780,1600600,CASABLANCA AIN CHOCK          ,1,,-7.5965993,33.556079
552,780,1600728,CASABLANCA DERB GHELLEF       ,1,,-7.6310765,33.5697025
552,780,11600081,CASABLANCA DERB GHELLEF       ,1,,-7.6310765,33.5697025
528,780,11600061,CASABLANCA GARE               ,1,,-7.591494,33.591075
535,780,1600184,CASABLANCA HAY INARA          ,1,,-7.5997174,33.5370676
555,780,11600201,CASABLANCA AIN SEBAA PLAGE    ,1,,-7.535739,33.619705
531,780,11600090,CASABLANCA SIDI OTHMANE       ,1,,-7.574118,33.55955
1035,780,11600266,CASABLANCA ALANDALOUS,1,,-7.498820,33.589848
513,792,1600718,DAR BOUAZZA                   ,1,,-7.817722,33.515659
1036,780,11600274,CASABLANCA HAY AL MASSIRA,1,,-7.534921,33.565695
558,780,11600269,CASA HAY JAMILA               ,1,,-7.571527,33.540814
545,780,11600067,CASABLANCA SIDI MOUMEN        ,1,,-7.546299,33.578944
549,787,1600344,MOHAMMEDIA HASSANIA           ,1,,-7.3904783,33.675602
511,780,11600094,CASABLANCA HAY HASSANI        ,1,,-7.6720848,33.5734179
514,791,1600330,BOUSKOURA                     ,1,,-7.650299,33.45643
547,780,1600326,CASABLANCA HAY EL BARAKA      ,1,,-7.54367,33.5687472
575,780,1600418,CASA ATTACHAROUK              ,1,,-7.5258064,33.5739275
510,787,11600098,MOHAMMEDIA ALIA               ,1,,-7.3908216,33.6868979
549,787,1600767,MOHAMMEDIA HASSANIA           ,1,,-7.3904783,33.675602
269,672,1600850,OURTZARH                      ,1,,-4.965852,34.535409
527,780,1600139,CASABLANCA OASIS              ,1,,-7.6338432,33.5568289
526,780,1600710,CASABLANCA MERSULTAN          ,1,,-7.61433,33.583673
524,780,11600271,CASABLANCA EL FIDA            ,1,,-7.604631,33.567386
533,793,1600797,CASA LAHRAOUYINE              ,1,,-7.54396,33.545121
516,780,1600283,CASABLANCA SIDI MAAROUF       ,1,,-7.6582325,33.5092924
568,780,11600093,CASABLANCA HAY SALAMA         ,1,,-7.5574901,33.5657122
978,625,11600074,SIDI RAHHAL PLAGE,1,,-7.956647,33.472091
562,780,1600185,CASABLANCA HAY SALMIA         ,1,,-7.5542325,33.5385688
566,780,1600306,CASABLANCA MçALLAH            ,1,,-7.593238,33.539446
541,780,11600200,CASABLANCA SIDI BERNOUSSI     ,1,,-7.509783,33.610549
509,787,11600097,MOHAMMADIA GARE               ,1,,-7.3874876,33.6965165
519,780,11600089,CASABLANCA BOURGOGNE          ,1,,-7.6373502,33.5950868
556,780,1600717,CASABLANCA DAR LAMANE         ,1,,-7.5585723,33.5932871
561,780,1600317,CASABLANCA 2 MARS             ,1,,-7.6110216,33.5687952
557,780,11600092,CASABLANCA KSAR LBHAR         ,1,,-7.5830367,33.5491115
563,780,1600190,CASABLANCA AL QODS            ,1,,-7.484764,33.617711
925,110,11600207,BENSLIMANE PPAL               ,1,,-7.1199131,33.6117668
507,796,1600332,AIN HARROUDA                  ,1,,-7.4497162,33.6366898
559,780,1600221,CASABLANCA HAY IFRIQUIA       ,1,,-7.587884,33.554474
499,780,11600013,CASA AIN SBAA AL HADIKA       ,1,,-7.5319467,33.6031976
901,590,1600525,SAFI AL MASSIRA               ,1,,-9.225643,32.2833935
785,70,11600162,AZILAL                        ,1,,-6.5660262,31.9674955
882,171,1600786,MOULAY ABDELLAH               ,1,,-8.58798,33.198697
888,170,1600369,EL JADIDA BOUCHRIT            ,1,,-8.5087891,33.2539771
886,170,1600595,EL JADIDA BIRANZARANE         ,1,,-8.4924316,33.2230587
881,175,1600248,SIDI BOUZID                   ,1,,-8.5519083,33.2302026
905,596,1600607,JEMAA SHAIM                   ,1,,-8.841151,32.354543
839,104,11600036,KASBA TADLA PPAL              ,1,,-6.2622714,32.5989812
860,411,1600398,OUED ZEM PPAL                 ,1,,-6.5706571,32.861495
796,615,1600226,BEN AHMED                     ,1,,-7.2434999,33.0664238
910,590,1600751,SAFI SIDI BOUDHAB             ,1,,-9.2432061,32.2970977
853,400,1600852,BOULANOUAR                    ,1,,-6.876921,32.856892
900,590,1600441,SAFI PPAL                     ,1,,-9.234803,32.294012
805,92,1600764,OULED YAICHE                  ,1,,-6.328113,32.4354365
990,621,11600165,BERRECHID HAY TISSIR,1,,-7.582803,33.274917
806,90,11600124,BENI MELLAL PPAL              ,1,,-6.3592816,32.3334411
839,104,1600817,KASBA TADLA PPAL              ,1,,-6.2622714,32.5989812
804,91,1600895,OULED MBARK                   ,1,,-6.455981,32.281142
898,187,1600356,OUALIDIA                      ,1,,-9.0336478,32.7345777
965,610,1600761,SETTAT HAY MIMOUNA,1,,-7.6276714,33.0049375
820,610,11600280,DEROUA OULED ZIANE            ,1,,-7.540778,33.374755
897,170,11600182,EL JADIDA PLATEAU             ,1,,-8.5163959,33.2495953
890,176,11600187,AZEMMOUR                      ,1,,-8.3432821,33.2887579
930,590,1600371,SAFI AZIB DRAI                ,1,,-9.219847,32.292944
900,590,11600221,SAFI PPAL                     ,1,,-9.234803,32.294012
887,170,11600027,EL JADIDA SAADA               ,1,,-8.5273916,33.2412359
866,610,1600588,SETTAT PRINCIPAL              ,1,,-7.620497,33.001954
869,626,1600770,EL BOUROUJ                    ,1,,-7.1909273,32.5068664
913,590,1600372,SAFI SIDI OUASSEL             ,1,,-9.250094,32.2568418
897,170,11600104,EL JADIDA PLATEAU             ,1,,-8.5163959,33.2495953
893,179,11600275,SIDI BENNOUR                  ,1,,-8.4233366,32.6494829
802,100,11600037,KHEMIS OULED AYAD             ,1,,-6.7999229,32.2003244
829,101,11600125,FKIH BEN SALAH PPAL           ,1,,-6.6869429,32.5049052
910,590,1600113,SAFI SIDI BOUDHAB             ,1,,-9.2432061,32.2970977
885,170,11600075,EL JADIDA PPAL                ,1,,-8.5019964,33.2513695
895,184,1600765,SIDI SMAIL                    ,1,,-8.5100887,32.8238099
894,185,1600322,OULED FREJ                    ,1,,-8.2217887,32.9565033
806,90,1600589,BENI MELLAL PPAL              ,1,,-6.3592816,32.3334411
900,590,11600222,SAFI PPAL                     ,1,,-9.234803,32.294012
1032,170,11600223,EL JADIDA BD MOHAMED RAFII ,1,,-8.508127,33.254221
965,610,1600762,SETTAT HAY MIMOUNA,1,,-7.6276714,33.0049375
835,108,1600537,HAD BRADIA SANABIL            ,1,,-6.540706,32.453595
960,179,11600263,SIDI BENNOUR AL MASSIRA       ,1,,-8.431192,32.648978
870,623,11600255,OULAD ABBOU                   ,1,,-7.937413,33.116657
923,590,1600342,SIDI AHMED                    ,1,,-8.495232,32.212649
819,621,11600250,BERRECHID YASMINA             ,1,,-7.5812638,33.263377
810,84,1600899,OUAOUIZERHT                   ,1,,-6.353901,32.158766
799,619,11600192,SIDI HAJJAJ                   ,1,,-7.265544,32.913112
989,170,11600156,EL JADIDA BD EL ALAOUIYNE,1,,-8.524398,33.23589
879,610,11600254,SETTAT SAMIR                  ,1,,-7.6102102,33.0019379
818,621,1600160,BERRECHID PPAL                ,1,,-7.588512,33.265857
1020,170,1600870,EL JADIDA BD IBN BADIS,1,,-8.504317,33.235794
889,170,1600890,EL JADIDA JOUHARA             ,1,,-8.4932175,33.2331664
831,90,1600433,SIDI AISSA BEN ALI            ,1,,-6.653021,32.342907
809,94,1600763,DAR OULED ZIDOUH              ,1,,-6.89751,32.308009
837,101,1600305,FKIH BEN SALAH GARE           ,1,,-6.687943,32.490189
829,101,1600479,FKIH BEN SALAH PPAL           ,1,,-6.6869429,32.5049052
830,95,1600408,SEBT OULED NEMMA              ,1,,-6.7012766,32.294479
823,621,1600345,BERRECHID HAY HASSANI         ,1,,-7.5737939,33.2694142
885,170,1600465,EL JADIDA PPAL                ,1,,-8.5019964,33.2513695
846,400,1600802,KHOURIBGA PPAL                ,1,,-6.9115699,32.8819433
906,607,11600149,YOUSSOUFIA                    ,1,,-8.5346429,32.2436692
819,621,11600044,BERRECHID YASMINA             ,1,,-7.5812638,33.263377
797,620,11600251,SOUK TLETA LOULAD             ,1,,-7.127895,32.991527
803,90,1600238,BENI MELLAL OULED HAMDANE     ,1,,-6.3675846,32.3361831
858,400,1600290,KHOURIBGA AL QODS             ,1,,-6.9301925,32.8854143
877,177,1600361,BIR JDID                      ,1,,-7.993892,33.375008
828,405,11600122,BEJJAAD PPAL                  ,1,,-6.3908833,32.770086
812,90,11600143,BENI MELLAL AIN ASSERDOUNE    ,1,,-6.3447252,32.3403803
876,610,1600287,SETTAT EL FARAH               ,1,,-7.6268452,33.008533
892,186,1600328,KHEMIS DES ZEMAMRA            ,1,,-8.6961696,32.625473
866,610,1600587,SETTAT PRINCIPAL              ,1,,-7.620497,33.001954
542,622,1600255,EL GARA                       ,1,,-7.234859,33.274971
846,400,1600292,KHOURIBGA PPAL                ,1,,-6.9115699,32.8819433
839,104,1600159,KASBA TADLA PPAL              ,1,,-6.2622714,32.5989812
885,170,11600142,EL JADIDA PPAL                ,1,,-8.5019964,33.2513695
833,90,1600279,BENI MELLAL HAY MOHAMMADI     ,1,,-6.358777,32.346993
845,96,1600284,EL KSIBA MASSIRA              ,1,,-6.032983,32.567178
860,411,11600123,OUED ZEM PPAL                 ,1,,-6.5706571,32.861495
785,70,1600471,AZILAL                        ,1,,-6.5660262,31.9674955
786,70,11600175,AZILAL MEDINA                 ,1,,-6.579115,31.955394
964,400,1600855,KHOURIBGA AL AMAL,1,,-6.927817,32.890159
844,104,11600247,KASBA TADLA HAY BOUDRAA       ,1,,-6.2794651,32.6005404
890,176,11600072,AZEMMOUR                      ,1,,-8.3432821,33.2887579
865,411,1600677,OUED ZEM AL WAHDA             ,1,,-6.5779822,32.8591767
846,400,11600253,KHOURIBGA PPAL                ,1,,-6.9115699,32.8819433
811,85,1600223,AFOURER                       ,1,,-6.5315974,32.2119568
844,104,1600460,KASBA TADLA HAY BOUDRAA       ,1,,-6.2794651,32.6005404
855,400,11600121,KHOURIBGA ZELLAGA             ,1,,-6.9160492,32.8880789
924,590,1600362,SAFI SIDI ABDELKRIM           ,1,,-9.2343977,32.3070072
824,405,1600760,BEJJAAD 11 JANVIER            ,1,,-6.39606,32.769197
1011,270,1600794,Aarsat Azaytoune,1,,-5.040423,33.990374
175,270,1600385,FES AGDAL                     ,1,,-5.003677,34.0424808
52,270,11600281,FES JEDID                     ,1,,-4.9899495,34.0545705
290,690,1600136,TAZA PRINCIPAL                ,1,,-4.0073705,34.2219948
245,141,1600634,IMOUZZER MARMOUCHA            ,1,,-4.294565,33.471216
42,270,1600515,FES LOUIZATE                  ,1,,-4.9560625,34.0588771
38,270,1600568,FES PRINCIPAL                 ,1,,-4.998991,34.041105
298,701,1600407,TIZI OUZLI                    ,1,,-3.794304,34.7625
308,690,1600845,HAD OULAD ZBAIR               ,1,,-4.3211,34.288894
265,146,1600222,OUTAT EL HAJ                  ,1,,-3.704002,33.344253
244,140,1600337,BOULEMANE                     ,1,,-4.731637,33.366037
1038,270,11600278,FES AL BARAKA,1,,-5.053255,33.997375
983,270,11600083,FES ZOUAGHA,1,,-5.035893,34.021644
987,690,11600076,TAZA MOULAY YOUSSEF,1,,-4.011048,34.213368
263,144,1600131,MISSOUR                       ,1,,-3.9889357,33.0471446
54,270,11600004,FES AL QODS                   ,1,,-4.969941,34.018582
111,270,11600115,FES SIDI BRAHIM               ,1,,-4.987101,34.027042
310,690,11600119,TAZA GARE                     ,1,,-4.0099025,34.2306316
1,810,1600877,Siege,1,,-6.8410666,34.0048949
43,270,1600528,FES NARJIS                    ,1,,-4.9735934,34.0171045
109,270,11600117,FES AIN KADOUS                ,1,,-5.0089073,34.0614058
267,140,1600848,TINDIT                        ,1,,-3.622272,33.663659
296,690,1600134,TAZA HAUT                     ,1,,-4.0143375,34.2088853
250,703,11600179,GUERCIF                       ,1,,-3.351134,34.223686
53,270,1600551,FES ATLAS                     ,1,,-4.9942061,34.0322942
283,664,1600879,TAHAR SOUK                    ,1,,-4.276232,34.653955
442,586,11600011,DEBDOU                        ,1,,-3.040861,33.984148
132,270,1600195,FES DOKKARAT                  ,1,,-5.0190032,34.0411428
47,675,11600232,TISSA                         ,1,,-4.6610088,34.2866561
45,281,1600503,RIBT EL KHAIR                 ,1,,-4.407359,33.814511
250,703,1600116,GUERCIF                       ,1,,-3.351134,34.223686
124,272,11600229,AIN CHEGAG                    ,1,,-5.041861,33.8821423
961,270,11600055,FES HAY TAREK                 ,1,,-5.0239921,34.0279441
126,276,1600585,MOULAY YACOUB                 ,1,,-5.178536,34.088653
38,270,1600436,FES PRINCIPAL                 ,1,,-4.998991,34.041105
38,270,1600470,FES PRINCIPAL                 ,1,,-4.998991,34.041105
292,696,1600343,AKNOUL                        ,1,,-3.865407,34.654771
262,715,1600623,ZERARDA                       ,1,,-4.376646,33.975985
39,270,11600035,FES AL FADILA                 ,1,,-5.0449461,34.015068
337,346,11600245,AIN DORIJ                     ,1,,-5.289788,34.613528
270,671,1600402,RHAFSAI                       ,1,,-4.9142897,34.6314997
41,270,11600003,FES LES MERINDES              ,1,,-4.9914784,34.0692759
281,660,1600868,TAOUNATE ASTAR                ,1,,-4.648767,34.549348
136,270,1600196,FES JNANATE                   ,1,,-4.9651659,34.0697959
147,270,1600262,FES AL ADARISSA               ,1,,-5.0112704,34.019032
46,665,1600266,KARIA BA MED                  ,1,,-5.2091718,34.3663764
259,690,1600858,MATMATA                       ,1,,-4.550582,34.099305
50,270,1600363,FES EL KARAOUIYINE            ,1,,-4.9737543,34.0655076
274,281,1600596,SEFROU BAB MEKAM              ,1,,-4.836959,33.832031
53,270,1600618,FES ATLAS                     ,1,,-4.9942061,34.0322942
153,270,1600199,FES SOUNDOUS                  ,1,,-5.0325778,34.0583749
258,288,1600264,IMOUZZER KANDAR               ,1,,-5.010278,33.728808
290,690,1600545,TAZA PRINCIPAL                ,1,,-4.0073705,34.2219948
141,270,11600116,FES BENSOUDA                  ,1,,-5.0539899,34.0171267
49,270,11600227,FES BETHA                     ,1,,-4.9822945,34.0609869
44,270,1600823,FES FAR                       ,1,,-4.981742,34.037724
48,274,11600225,SIDI HARAZEM                  ,1,,-4.881816,34.02932
247,140,11600231,ALMIS GUIGOU                  ,1,,-4.829714,33.382917
747,552,11600234,IGHREM NOUGDAL                ,1,,-7.421109,31.229521
260,711,1600875,TAHALA                        ,1,,-4.425707,34.047595
125,281,1600267,EL MENZEL                     ,1,,-4.545524,33.837959
40,270,1600535,FES GARE                      ,1,,-5.005458,34.0470457
250,703,1600062,GUERCIF                       ,1,,-3.351134,34.223686
284,677,1600846,AIN AICHA                     ,1,,-4.689169,34.46145
152,270,11600114,FES ZOHOR SAIS                ,1,,-4.9802345,34.0105502
38,270,1600683,FES PRINCIPAL                 ,1,,-4.998991,34.041105
269,672,1600851,OURTZARH                      ,1,,-4.965852,34.535409
957,270,1600514,FES AL WIFAK                  ,1,,-5.0269801,34.0193454
51,270,1600130,FES FEKHARINE                 ,1,,-4.9638207,34.0639756
265,146,11600256,OUTAT EL HAJ                  ,1,,-3.704002,33.344253
263,144,11600155,MISSOUR                       ,1,,-3.9889357,33.0471446
38,270,1600043,FES PRINCIPAL                 ,1,,-4.998991,34.041105
953,270,1600624,FES BENDEBBAB                 ,1,,-4.999246,34.065041
282,660,11600118,TAOUNATE PPAL                 ,1,,-4.6383334,34.5373537
260,711,1600268,TAHALA                        ,1,,-4.425707,34.047595
272,281,1600619,SEFROU                        ,1,,-4.8389277,33.8260102
290,690,1600458,TAZA PRINCIPAL                ,1,,-4.0073705,34.2219948
770,430,1600521,LAAYOUNE PORT                 ,1,,-13.415124,27.097588
780,530,1600462,DAKHLA PAL                    ,1,,-15.930047,23.700744
772,430,1600539,LAAYOUNE HAY AMAL             ,1,,-13.168619,27.13084
982,530,11600086,DAKHLA AL WAKALA,1,,-15.951808,23.701667
765,430,11600262,LAAYOUNE 4EME BAFRA           ,1,,-13.219471,27.138438
778,130,1600252,BOUJDOUR                      ,1,,-14.482306,26.127382
780,530,11600168,DAKHLA PAL                    ,1,,-15.930047,23.700744
1016,430,1600867,LAAYOUNE HAY MOULAY RACHID,1,,-13.19362,27.145794
782,530,11600199,DAKHLA FAR                    ,1,,-13.219471,27.138438
771,430,11600130,LAAYOUNE VILLE                ,1,,-13.1849671,27.1463333
774,430,1600478,LAAYOUNE ENNAHDA              ,1,,-13.4092775,27.0968116
1015,530,1600865,DAKHLA HAY ESSALAM,1,,-15.950207,23.690669
761,430,1600824,LAAYOUNE SOUK JEMAL           ,1,,-13.2154343,27.1625668
780,530,11600198,DAKHLA PAL                    ,1,,-15.930047,23.700744
758,430,11600054,LAAYOUNE PAL                  ,1,,-13.2028748,27.1615514
780,530,11600153,DAKHLA PAL                    ,1,,-15.930047,23.700744
775,260,1600640,ESSEMARA PAL                  ,1,,-11.67056,26.74019
781,530,1600884,DAKHLA BIR ANZARANE           ,1,,-15.934529,23.700339
780,530,1600903,DAKHLA PAL                    ,1,,-15.930047,23.700744
775,260,11600133,ESSEMARA PAL                  ,1,,-11.67056,26.74019
758,430,1600561,LAAYOUNE PAL                  ,1,,-13.2028748,27.1615514
762,430,1600862,LAAYOUNE HAY TAAOUN           ,1,,-13.204078,27.144398
768,430,1600554,LAAYOUNE MAKKA                ,1,,-13.1995771,27.155584
767,430,1600819,LAAYOUNE RHIBA                ,1,,-13.1994644,27.1446268
760,430,1600772,LAAYOUNE HAY ERRAHMA          ,1,,-13.1931827,27.1400059
632,437,11600152,TARFAYA                       ,1,,-12.9255331,27.9392919
962,542,1600766,BIRGANDOUZ                    ,1,,-16.467444,21.612778
764,430,1600815,LAAYOUNE FAR                  ,1,,-13.193936,27.15988
758,430,11600279,LAAYOUNE PAL                  ,1,,-13.2028748,27.1615514
769,430,1600553,LAAYOUNE AL MASSIRA           ,1,,-13.1874441,27.154275
778,130,11600132,BOUJDOUR                      ,1,,-14.482306,26.127382
769,430,1600769,LAAYOUNE AL MASSIRA           ,1,,-13.1874441,27.154275
708,450,1600534,MARRAKECH EL BAHIA            ,1,,-7.9845661,31.6220186
757,450,1600481,MARRAKECH AZLI (ROUT          ,1,,-8.0405277,31.6250563
948,201,11600267,BENGUERIR BASE MILITAIRE      ,1,,-7.906637,32.129541
712,450,11600217,MARRAKECH MENARA              ,1,,-8.0273044,31.6025526
121,824,1600874,BOUKNADEL                     ,1,,-6.739635,34.121913
944,475,1600401,TAHANAOUTE                    ,1,,-7.946302,31.367329
705,450,11600069,MARRAKECH HAY MOHAMMADI       ,1,,-7.996373,31.650498
734,563,11600252,TAZNAKHTE                     ,1,,-7.203732,30.577676
682,450,11600151,MARRAKECH SIDI GHANEM         ,1,,-8.0493334,31.6736106
710,450,11600056,MARRAKECH MHAMID              ,1,,-8.039267,31.587968
683,450,1600463,MARRAKECH ANNAKHILE           ,1,,-7.9857409,31.6474403
736,553,11600259,SKOURA AHL AL OUST            ,1,,-6.556027,31.063494
948,201,1600841,BENGUERIR BASE MILITAIRE      ,1,,-7.906637,32.129541
706,450,11600148,MARRAKECH PPAL                ,1,,-8.0093873,31.6325505
973,450,11600150,MARRAKECH AZZOUZIA,1,,-8.061733,31.682816
942,196,1600660,SIDI RAHHAL                   ,1,,-7.4704752,31.652372
720,81,1600748,DEMNATE                       ,1,,-7.004567,31.731685
684,450,1600364,MARRAKECH BAB KHEMIS          ,1,,-7.98626,31.6365561
687,450,1600614,MARRAKECH DIOUR ECHCHOUHADA   ,1,,-7.9620181,31.6067673
706,450,1600644,MARRAKECH PPAL                ,1,,-8.0093873,31.6325505
773,450,1600416,MARRAKECH MASSIRA 2           ,1,,-8.0607623,31.6387244
916,251,1600627,TAMANAR                       ,1,,-9.678676,30.999738
947,201,1600661,BENGUERIR PPAL                ,1,,-7.9604665,32.2384275
714,450,1600544,MARRAKECH ATLAS               ,1,,-8.050645,31.6004966
690,450,11600077,MARRAKECH AMERCHICH           ,1,,-8.0037949,31.6576806
706,450,1600655,MARRAKECH PPAL                ,1,,-8.0093873,31.6325505
703,476,1600880,TNINE OURIKA                  ,1,, -7.788486,31.375209
722,190,1600749,EL KELAA DES SRARHNA PPAL     ,1,,-7.4062564,32.053774
735,556,1600265,EL KELAA MGOUNA               ,1,,-6.1295182,31.2367794
713,450,11600127,MARRAKECH B.E.F.R.A           ,1,,-8.034879,31.61473
706,450,11600126,MARRAKECH PPAL                ,1,,-8.0093873,31.6325505
737,568,11600020,TAGOUNITE                     ,1,,-5.5820927,29.9725018
741,555,1600520,BOUMALNE DU DADES             ,1,,-5.9837186,31.3702739
938,207,1600378,TAMELELT                      ,1,,-7.50901,31.816475
717,461,11600219,AMIZMIZ                       ,1,,-8.241934,31.222124
909,593,1600872,SEBT GZOULA                   ,1,,-9.0865396,32.1073208
745,567,11600260,MHAMID                        ,1,,-5.718899,29.825411
713,450,1600844,MARRAKECH B.E.F.R.A           ,1,,-8.034879,31.61473
706,450,1600896,MARRAKECH PPAL                ,1,,-8.0093873,31.6325505
793,190,1600662,EL KELAA DES SRARHNA EL QODS  ,1,,-7.397436,32.0601595
1034,450,11600258,TAMANSOURT,1,,-8.116886,31.748138
694,453,1600656,TNINE OUDAYA                  ,1,,-8.246902,31.634792
686,450,1600557,MARRAKECH AL FADL             ,1,,-8.0251748,31.6778666
729,550,1600352,OUARZAZATE TASSOUMAATE        ,1,,-6.9296801,30.9238512
792,190,1600314,EL KELAA DES SRARHNA VILLE    ,1,,-7.408602,32.0465491
719,465,1600250,CHICHAOUA                     ,1,,-8.766618,31.541319
742,685,1600313,FOUM ZGUID                    ,1,,-6.873051,30.085248
689,450,11600218,TAMESLOUHTE                   ,1,,-8.097289,31.496467
932,240,1600904,ESSAOUIRA GARE ROUTIERE       ,1,,-9.7602475,31.517098
711,450,1600909,MARRAKECH BAB AGNAOU          ,1,,-7.9910906,31.6184967
715,450,1600825,MARRAKECH CAMP EL GHOUL       ,1,,-8.0213714,31.6369135
940,197,1600854,SIDI BOU OTHMANE              ,1,,-7.943834,31.902589
706,450,1600690,MARRAKECH PPAL                ,1,,-8.0093873,31.6325505
970,450,11600062,MARRAKECH ABRAJ AL KOUTOUBIA,1,,-8.056884,31.573565
685,450,1600483,MARRAKECH SIDI ABBAD          ,1,,-8.0176324,31.6562171
756,450,1600430,MARRAKECH ALLA AL FASSI       ,1,,-8.000139,31.645182
728,550,11600169,OUARZAZATE TARMIGT            ,1,,-6.911028,30.9010095
972,450,11600058,MARRAKECH TARGA,1,,-8.0493415,31.636201
693,450,1600669,MARRAKECH HAY EL MASSIRA      ,1,,-8.060363,31.629133
727,550,1600096,OUARZAZATE PPAL               ,1,,-6.9106633,30.9204919
946,190,11600216,NZALATE LAADIM                ,1,,-7.952653,32.097854
725,450,11600246,MARRAKECH MEDINA              ,1,,-7.9896247,31.6248689
716,450,1600419,MARRAKECH GARE                ,1,,-8.018775,31.6298158
707,450,11600057,MARRAKECH DAOUDIATE           ,1,,-7.9916096,31.6503424
971,450,11600063,MARRAKECH BORJ ZAITOUN,1,,-8.048822,31.587357
937,194,1600376,LAATAOUIA ECHCHAIBIA          ,1,,-7.3121913,31.8335424
932,240,1600750,ESSAOUIRA GARE ROUTIERE       ,1,,-9.7602475,31.517098
747,552,11600248,IGHREM NOUGDAL                ,1,,-7.421109,31.229521
697,450,11600194,MARRAKECH BAB RHMATE          ,1,,-7.9761118,31.6243734
725,450,1600689,MARRAKECH MEDINA              ,1,,-7.9896247,31.6248689
731,550,1600816,OUARZAZATE FAR                ,1,,-6.910859,30.917229
904,601,1600273,CHEMAIA                       ,1,,-8.6220842,32.0802859
725,450,11600220,MARRAKECH MEDINA              ,1,,-7.9896247,31.6248689
939,478,1600705,ASNI                          ,1,,-7.984041,31.247219
718,201,1600746,BENGUERIR VILLE               ,1,,-7.957229,32.236256
727,550,1600781,OUARZAZATE PPAL               ,1,,-6.9106633,30.9204919
914,240,1600653,ESSAOUIRA PPAL                ,1,,-9.7663549,31.5101604
723,471,1600249,IMI N TANOUNTE                ,1,,-8.84798,31.17716
702,190,1600866,EL AAMRIA                     ,1,,-7.262751,32.209544
941,468,1600699,SIDI MOKHTAR                  ,1,,-9.011192,31.579132
726,454,1600375,AIT OURIR                     ,1,,-7.6671,31.562756
738,566,1600339,AGDZ                          ,1,,-6.451807,30.695792
699,450,1600400,MARRAKECH DOUAR IZIKI         ,1,,-8.0588311,31.6249032
732,565,1600097,ZAGORA                        ,1,,-5.8399174,30.3252258
739,569,1600878,TAZZARINE                     ,1,,-5.56693,30.781838
1022,201,1600876,BENGUERIR HASSAN II,1,,-7.947930,32.227744
240,480,1600321,MEKNES ZITOUNE                ,1,,-5.5471892,33.8683655
236,480,1600324,MEKNES OUJEH AROUSS           ,1,,-5.5775035,33.9016373
204,315,1600349,BENI TAJJITE                  ,1,,-3.467978,32.293008
55,480,1600440,MEKNES PRINCIPAL              ,1,,-5.5498848,33.897826
212,389,1600485,ZAIDA                         ,1,,-4.958190,32.816006
415,310,11600145,FIGUIG                        ,1,,-1.2287388,32.1098006
61,480,11600166,MEKNES AMIR ABDELKADER GARE   ,1,,-5.545400,33.899425
194,380,1600636,TIGHASSALINE                  ,1,,-5.656862,32.782404
199,210,1600562,ERRACHIDIA PRINCIPAL          ,1,,-4.4252104,31.9331753
203,223,11600158,GOULMIMA                      ,1,,-4.954472,31.690632
177,420,1600591,IFRANE                        ,1,,-5.1078111,33.5288521
210,321,1600744,ASRIR OUED FERKLA             ,1,,-5.067433,31.500094
217,397,1600667,TOUNFITE                      ,1,,-5.250116,32.46535
237,480,11600005,MEKNES AL WIFAK               ,1,,-5.5806926,33.8975076
62,491,11600111,ELHAJEB                       ,1,,-5.3727302,33.6840255
240,480,1600785,MEKNES ZITOUNE                ,1,,-5.5471892,33.8683655
188,380,1600444,KHENIFRA PRINCIPAL            ,1,,-5.6715954,32.935138
68,480,11600073,MEKNES MEDINA                 ,1,,-5.5624321,33.8948115
199,210,1600447,ERRACHIDIA PRINCIPAL          ,1,,-4.4252104,31.9331753
69,480,1600492,MEKNES BNI M'HAMMED           ,1,,-5.5627741,33.8808497
199,210,1600783,ERRACHIDIA PRINCIPAL          ,1,,-4.4252104,31.9331753
55,480,1600567,MEKNES PRINCIPAL              ,1,,-5.5498848,33.897826
404,312,11600178,BOUARFA                       ,1,,-1.958584,32.537341
62,491,1600637,ELHAJEB                       ,1,,-5.3727302,33.6840255
219,395,1600771,BOUMIA                        ,1,,-5.096948,32.726245
740,559,1600254,TINERHIR                      ,1,,-5.5305487,31.521328
199,210,11600049,ERRACHIDIA PRINCIPAL          ,1,,-4.4252104,31.9331753
365,365,11600026,OULMES                        ,1,,-6.006354,33.422269
171,210,11600159,MERZOUGA                      ,1,,-4.016817,31.099173
57,480,1600805,MEKNES ACADEMIE               ,1,,-5.553546,33.872785
187,380,1600334,KHENIFRA AMALOU IGHRIBEN      ,1,,-5.6563712,32.9373013
190,386,1600768,AIT ISHAK                     ,1,,-5.726217,32.764673
159,480,11600043,MEKNES HAY ECHOUHADA          ,1,,-5.5038661,33.8908996
242,480,1600622,OUISLANE EX DOUAR SOUSSI      ,1,,-5.4896451,33.9113921
56,480,1600529,MEKNES KORTOBA                ,1,,-5.544751,33.8626918
55,480,1600438,MEKNES PRINCIPAL              ,1,,-5.5498848,33.897826
55,480,11600277,MEKNES PRINCIPAL              ,1,,-5.5498848,33.897826
70,492,11600113,AIN TAOUJDATE                 ,1,,-5.214529,33.937361
165,427,1600593,TIMAHDITE                     ,1,,-5.059105,33.236772
188,380,11600048,KHENIFRA PRINCIPAL            ,1,,-5.6715954,32.935138
71,493,11600204,AGOURAI                       ,1,,-5.587642,33.641553
59,480,11600261,MEKNES AGDAL                  ,1,,-5.5461002,33.8807773
202,212,1600259,BOUDENIB                      ,1,,-3.603698,31.948184
64,491,1600827,EL HAJEB PLACE D'ARME         ,1,,-5.367411,33.687684
169,211,1600860,AOUFOUS                       ,1,,-4.177986,31.688251
72,494,11600015,SEBAA AIOUN                   ,1,,-5.373669,33.903563
154,485,11600243,AIN LEUH                      ,1,,-5.337145,33.28588
67,480,11600209,EL HADJ KADDOUR               ,1,,-5.424312,33.826278
222,231,1600304,RICH                          ,1,,-4.503558,32.25912
60,480,1600806,MEKNES CIB                    ,1,,-5.51916,33.862585
161,425,1600523,AZROU PRINCIPAL               ,1,,-5.219284,33.4440584
200,210,1600826,P.A.FAR ERRACHIDIA            ,1,,-4.431331,31.927735
203,223,1600296,GOULMIMA                      ,1,,-4.954472,31.690632
158,480,11600144,MEKNES AL MANSOUR             ,1,,-5.576849,33.8663644
191,385,1600366,EL KEBAB                      ,1,,-5.52401,32.741813
221,224,11600164,AGHBALOU NSERDANE             ,1,,-5.296022,32.677646
57,480,11600265,MEKNES ACADEMIE               ,1,,-5.553546,33.872785
345,335,1600346,KHENICHET                     ,1,,-5.685366,34.43896
223,318,1600348,TALSINNT                      ,1,,-3.438807,32.534921
168,235,11600160,RISSANI                       ,1,,-4.269374,31.283218
359,851,1600413,JORF EL MELHA                 ,1,,-5.5085103,34.4876652
168,235,1600513,RISSANI                       ,1,,-4.269374,31.283218
404,312,11600137,BOUARFA                       ,1,,-1.958584,32.537341
241,480,11600206,MEKNES TAKADOUM               ,1,,-5.5795339,33.8849012
842,99,11600249,ZAOUIA ECHCHEIKH              ,1,,-5.918117,32.64396
211,391,11600071,MIDELT                        ,1,,-4.7394177,32.6783414
346,346,1600403,SIDI KACEM ZAOUIA             ,1,,-5.711067,34.204923
234,486,1600676,TNINE MHAYA                   ,1,,-5.242126,33.981073
65,480,1600323,MOULAY IDRISS                 ,1,,-5.520435,34.056973
160,425,11600112,AZROU AHADAF                  ,1,,-5.2286232,33.4440875
343,346,1600633,SIDI KACEM                    ,1,,-5.708929,34.2240607
205,226,1600519,TINEJEDAD                     ,1,,-5.029775,31.510373
188,380,1600635,KHENIFRA PRINCIPAL            ,1,,-5.6715954,32.935138
966,480,11600059,MEKNES SIDI BOUZEKRI,1,,-5.5345559,33.8639947
224,233,1600908,GOURAMA                       ,1,,-4.074898,32.338835
407,316,1600351,BOUANANE                      ,1,,-3.049234,32.037996
207,210,1600512,ERRACHIDIA BOUTALAMINE        ,1,,-4.4395548,31.9199992
202,212,1600784,BOUDENIB                      ,1,,-3.603698,31.948184
986,480,1600702,MEKNES MARJANE,1,,-5.576302,33.862224
842,99,1600350,ZAOUIA ECHCHEIKH              ,1,,-5.918117,32.64396
55,480,1600601,MEKNES PRINCIPAL              ,1,,-5.5498848,33.897826
238,480,1600673,TOULAL                        ,1,,-5.5965713,33.8899756
232,480,1600901,MEKNES BASSATINE              ,1,,-5.5140692,33.8931227
167,218,1600258,ERFOUD                        ,1,,-4.234211,31.434348
239,480,11600110,MEKNES BORJ MY OMAR           ,1,,-5.529688,33.906519
55,480,1600540,MEKNES PRINCIPAL              ,1,,-5.5498848,33.897826
172,219,11600257,ALNIF                         ,1,,-5.168332,31.116043
55,480,1600443,MEKNES PRINCIPAL              ,1,,-5.5498848,33.897826
162,388,1600256,MRIRT                         ,1,,-5.566442,33.1671751
58,480,1600808,MEKNES 2 BAFRA                ,1,,-5.5194283,33.8791095
426,500,1600498,NADOR                         ,1,,-2.9251179,35.1761234
406,313,1600412,TENDRARA                      ,1,,-2.0029852,33.0521649
429,507,1600341,SEGANGAN                      ,1,,-3.002411,35.154635
414,570,1600410,OUJDA ISLY                    ,1,,-1.9190643,34.688642
494,500,1600533,NADOR BNDE                    ,1,,-2.9253432,35.1731747
463,50,1600137,AL HOCEIMA PRINCIPAL          ,1,,-3.9317241,35.2435468
435,515,11600242,MONTE ARRUI                   ,1,,-3.000138,35.01122
463,50,1600227,AL HOCEIMA PRINCIPAL          ,1,,-3.9317241,35.2435468
435,515,11600241,MONTE ARRUI                   ,1,,-3.000138,35.01122
994,570,11600174,OUJDA NAJD,1,,-1.873794,34.661602
413,575,1600411,BERKANE EL OUIDADIYA          ,1,,-2.3154867,34.9163452
468,55,1600275,BENI BOUAYACH                 ,1,,-3.841012,35.101048
420,500,1600573,NADOR OULAD MIMOUNE           ,1,,-2.935952,35.167915
85,583,1600274,AIN BENI MATHAR               ,1,,-2.025047,34.016611
491,570,1600476,OUJDA EL AMAL                 ,1,,-1.9071056,34.6837998
470,59,1600552,ISSAGUEN                      ,1,,-4.570305,34.917828
465,57,1600365,IMZOUREN                      ,1,,-3.850459,35.146771
410,570,1600047,OUJDA OUED ENNACHEF           ,1,,-1.9281408,34.674988
481,153,1600859,JEBHA                         ,1,,-4.66635,35.204706
73,570,1600046,OUJDA PPAL                    ,1,,-1.9146252,34.6842608
391,575,11600052,BERKANE PPAL                  ,1,,-2.3314311,34.9271874
82,570,1600468,OUJDA LES IRIS                ,1,,-1.923388,34.6558524
419,570,1600422,OUJDA NAHDA                   ,1,,-1.93869,34.6817023
493,570,11600167,OUJDA UNIVERSITE              ,1,,-1.8967295,34.6530062
448,508,1600857,HAD BNI CHIKER                ,1,,-3.014454,35.276436
493,570,11600009,OUJDA UNIVERSITE              ,1,,-1.8967295,34.6530062
432,501,1600278,DRIOUCH                       ,1,,-3.39207,34.979624
426,500,1600049,NADOR                         ,1,,-2.9251179,35.1761234
438,585,11600051,TAOURIRT                      ,1,,-2.8944415,34.4151967
488,570,1600474,OUJDA HABOUS                  ,1,,-1.8942672,34.6711343
437,511,1600276,BENI ENZAR                    ,1,,-2.9328494,35.2668512
949,500,11600028,NADOR OULED BOUTAYEB          ,1,,-2.9489735,35.1669522
438,585,1600558,TAOURIRT                      ,1,,-2.8944415,34.4151967
395,579,1600863,SAIDIA MARINA                 ,1,,-2.293525,35.10936
430,528,11600237,TAFERSITE                     ,1,,-3.54125,35.007099
395,579,1600493,SAIDIA MARINA                 ,1,,-2.293525,35.10936
447,525,1600409,KHEMIS TEMSAMANE              ,1,,-3.639822,35.120661
397,577,1600578,AKLIM                         ,1,,-2.518409,34.891209
418,570,1600550,OUJDA ESSAADA                 ,1,,-1.887213,34.6784853
396,581,1600861,TAFOGHALT                     ,1,,-2.40989,34.809569
403,572,11600146,SIDI YAHIA DOUJDA             ,1,,-1.867633,34.667325
443,527,1600580,BOUDINAR                      ,1,,-3.631834,35.156054
492,570,1600472,OUJDA JAWHARA                 ,1,,-1.9293197,34.6690376
431,523,1600277,BEN TIB                       ,1,,-3.452545,35.045194
434,524,1600216,MIDAR                         ,1,,-3.533847,34.943517
466,56,1600379,BNI HADIFA                    ,1,,-4.142092,35.0221
433,503,1600856,DAR KEBDANI                   ,1,,-3.335367,35.118612
418,570,11600270,OUJDA ESSAADA                 ,1,,-1.887213,34.6784853
392,575,1600530,BERKANE BOUHDILA              ,1,,-2.338876,34.928511
426,500,1600225,NADOR                         ,1,,-2.9251179,35.1761234
490,570,1600497,OUJDA LAMHARCHI               ,1,,-1.9430673,34.691208
428,519,1600774,ZAIO                          ,1,,-2.7340964,34.9416496
90,571,1600270,BENI DRAR                     ,1,,-1.992786,34.858353
487,570,1600477,OUJDA EL AOUINA               ,1,,-1.888425,34.691786
84,576,1600777,AHFIR                         ,1,,-2.0984665,34.9546363
478,50,1600404,AL HOCEIMA SIDI ABID          ,1,,-3.9363108,35.2497437
422,518,1600291,RAS EL MA                     ,1,,-2.42373,35.138183
391,575,11600135,BERKANE PPAL                  ,1,,-2.3314311,34.9271874
956,570,11600029,OUJDA 18 MAI                  ,1,,-1.9522459,34.683083
394,579,11600136,SAIDIA                        ,1,,-2.226403,35.08594
86,587,1600269,EL AIOUNE                     ,1,,-2.5062937,34.5839962
79,570,11600012,OUJDA MIR ALI                 ,1,,-1.9303885,34.6795826
80,570,1600516,OUJDA Q.INDUSTRIEL            ,1,,-1.9006804,34.6989244
81,570,1600821,BENI OUKIL                    ,1,,-2.001845,34.653423
424,512,11600053,SELOUANE                      ,1,,-2.942741,35.068043
402,570,1600048,OUJDA ER-RIAD                 ,1,,-1.9036228,34.6800348
398,580,11600244,MADAGH                        ,1,,-2.338908,35.010212
400,582,1600688,HASSI BLAL                    ,1,,-2.206187,34.308108
75,570,11600268,OUJDA BADR                    ,1,,-1.921662,34.6740781
87,582,1600782,JERADA                        ,1,,-2.1614823,34.3088742
955,570,11600030,OUJDA SAMARA                  ,1,,-1.9411348,34.6512576
981,570,11600066,OUJDA BASSATINE,1,,-1.88136,34.709653
411,570,1600170,OUJDA TAKKADOUM               ,1,,-1.916795,34.697204
73,570,1600502,OUJDA PPAL                    ,1,,-1.9146252,34.6842608
464,61,1600773,TARGUIST                      ,1,,-4.315031,34.93579
489,570,1600475,OUJDAI ALAZARET               ,1,,-1.8714899,34.6914242
438,585,11600134,TAOURIRT                      ,1,,-2.8944415,34.4151967
5,810,11600080,RABAT AEROPORT                ,1,,-6.762192,34.047255
93,330,1600670,KENITRA PPL                   ,1,,-6.5819773,34.2609252
370,374,11600120,TIFLET PPAL                   ,1,,-6.3239166,33.8933598
115,822,1600435,AIN AOUDA                     ,1,,-6.790836,33.80619
28,815,1600675,SALE MOHAMMADI                ,1,,-6.7839101,34.0467324
14,810,1600912,RABAT CISS FAR                ,1,,-6.828994,34.007011
356,333,1600583,HAD KOURT                     ,1,,-5.734136,34.616957
182,815,1600789,SALE HSSAINE                  ,1,,-6.7636997,34.0181627
94,330,1600838,KENITRA ANCIENNE MEDINA       ,1,,-6.5727961,34.2653687
148,815,1600668,SALA AL JADIDA                ,1,,-6.744174,33.99865
142,810,1600906,RABAT AL MASSIRA              ,1,,-6.8869727,33.9770429
352,353,1600395,SOUK LARBAA HAY ESSALAM       ,1,,-5.992237,34.67587
36,810,1600453,RABAT TOUR HASSAN             ,1,,-6.827751,34.021189
395,579,1600882,SAIDIA MARINA                 ,1,,-2.293525,35.10936
34,819,1600165,RABAT MECHOUAR                ,1,,-6.8317983,34.0052895
13,810,1600832,RABAT FORCE AUXILIAIRE        ,1,,-6.860661,33.994407
34,819,1600735,RABAT MECHOUAR                ,1,,-6.8317983,34.0052895
367,366,1600569,MAAZIZ                        ,1,,-6.319043,33.667483
149,810,1600719,RABAT HAY EL KHEIR            ,1,,-6.8743542,33.9974557
311,360,1600788,KHEMISSET PPL                 ,1,,-6.065309,33.824435
37,810,1600913,RABAT AKKARI                  ,1,,-6.8592547,34.0110005
185,330,1600427,KENITRA TAIBIA                ,1,,-6.5992923,34.2726379
114,121,1600843,BOUZNKA HAY RIAD              ,1,,-7.158199,33.780226
358,356,11600008,LALLA MIMOUNA                 ,1,,-6.070223,34.847771
2,810,11600032,RABAT RP                      ,1,,-6.8372217,34.01961
17,815,11600070,SALE MEDINA                   ,1,,-6.8188647,34.0363797
183,815,1600388,SALE HAY KARIMA               ,1,,-6.7946014,34.0543327
312,360,11600047,KHEMISSET FATH                ,1,,-6.076169,33.8329218
37,810,1600725,RABAT AKKARI                  ,1,,-6.8592547,34.0110005
7,810,1600546,RABAT CITE YOUSSOUFIA         ,1,,-6.8185267,33.9925367
119,821,1600721,SKHIRATE                      ,1,,-7.03893,33.851836
140,815,1600723,"SALE K,O,MOUSSA               ",1,,-6.767144,34.02095
148,815,1600697,SALA AL JADIDA                ,1,,-6.744174,33.99865
24,815,1600737,SALE TABRIQUET                ,1,,-6.806945,34.045066
122,124,1600459,SIDI YAHIA ZAERS              ,1,,-6.90465,33.826202
112,810,1600722,RABAT SOUISSI                 ,1,,-6.8266672,33.9835942
35,810,1600360,RABAT YAACOUB EL MANSOUR      ,1,,-6.8693707,34.0016096
8,810,1600813,RABAT ETAT MAJOR              ,1,,-6.830535,34.011155
26,810,11600273,RABAT PLACE D'ARMES           ,1,,-6.853323,34.007624
3,810,1600911,RABAT BAB LAALOU              ,1,,-6.840926,34.027975
36,810,1600496,RABAT TOUR HASSAN             ,1,,-6.827751,34.021189
1,810,11600088,Siege,1,,-6.8410666,34.0048949
180,825,11600205,TEMARRA HAY MAGHRIB EL ARABI  ,1,,-6.8896991,33.9202287
31,810,1600910,RABAT AGDAL                   ,1,,-6.8451956,34.0006478
231,810,1600505,RABAT TECHNOPOLIS             ,1,,-6.721863,33.992824
368,375,11600240,SIDI ABDERAZAK                ,1,,-6.1626,33.962438
36,810,1600494,RABAT TOUR HASSAN             ,1,,-6.827751,34.021189
143,810,1600602,RABAT NATIONS UNIES           ,1,,-6.8456827,33.9939411
113,121,1600720,BOUZNIKA                      ,1,,-7.1611065,33.7884078
101,810,1600482,RABAT HAOUZIA                 ,1,,-6.6160709,34.2661012
31,810,1600902,RABAT AGDAL                   ,1,,-6.8451956,34.0006478
166,810,1600734,RABAT ANNAKHIL                ,1,,-6.864595,33.954417
33,810,1600736,RABAT CHELLAH                 ,1,,-6.828365,34.0107948
106,330,1600286,KENITRA NOUVELLE MEDINA       ,1,,-6.5611929,34.2589822
22,826,1600741,EL HARHOURA                   ,1,,-6.958883,33.925958
2,810,1600431,RABAT RP                      ,1,,-6.8372217,34.01961
145,810,1600716,RABAT ENNAHDA                 ,1,,-6.8180493,33.9772197
20,825,11600208,TEMARA AL WIFAK               ,1,,-6.93448,33.920192
18,825,1600740,TEMARRA PPL                   ,1,,-6.9166902,33.9273942
135,810,1600724,RABAT RYAD                    ,1,,-6.8604926,33.9634694
2,810,11600034,RABAT RP                      ,1,,-6.8372217,34.01961
230,815,1600449,SALE HAY EL AMAL              ,1,,-6.7923215,34.0685583
93,330,1600630,KENITRA PPL                   ,1,,-6.5819773,34.2609252
27,815,1600871,SALE 1ERE BAFRA               ,1,,-6.77187,34.042134
144,825,1600738,TEMARRA MASSIRA               ,1,,-6.8977726,33.9266164
1014,810,1600842,RABAT FAL OULED OUMEIR,1,,-6.849705,33.999317
366,367,11600202,TIDDAS                        ,1,,-6.267491,33.568088
954,330,1600570,KENITRA SAKNIA                ,1,,-6.5519299,34.2493915
157,810,1600480,RABAT AL MANZAH               ,1,,-6.8960895,33.9719614
15,810,11600197,RABAT 1ER BATAILLON DE GARDE  ,1,,-6.829591,34.004876
11,810,1600837,RABAT HOPITAL MED V           ,1,,-6.8717283,33.9690452
19,825,1600517,TEMARA  FOUARATE              ,1,,-6.9230846,33.9021249
138,330,1600289,MEHDYA                        ,1,,-6.6659492,34.2606703
112,810,11600272,RABAT SOUISSI                 ,1,,-6.8266672,33.9835942
181,825,1600387,TEMARA MOULAY ALI CHERIF      ,1,,-6.9059292,33.9324828
20,825,1600518,TEMARA AL WIFAK               ,1,,-6.93448,33.920192
93,330,1600631,KENITRA PPL                   ,1,,-6.5819773,34.2609252
229,810,1600429,KENITRA MAAMOURA              ,1,,-6.5489459,34.241608
32,810,1600905,RABAT GARE                    ,1,,-6.8357867,34.016485
146,810,1600639,RABAT OCEAN                   ,1,,-6.8454185,34.0238071
36,810,1600495,RABAT TOUR HASSAN             ,1,,-6.827751,34.021189
186,810,1600397,RABAT KAMRA                   ,1,,-6.8738687,33.9909689
967,815,1600626,SALE DAR HAMRA,1,,-6.7806352,34.0634723
93,330,1600469,KENITRA PPL                   ,1,,-6.5819773,34.2609252
353,331,1600658,MLY BOUSSELHAM                ,1,,-6.281476,34.878789
137,815,1600338,SALE SIDI MOUSSA              ,1,,-6.8104425,34.0538572
28,815,11600181,SALE MOHAMMADI                ,1,,-6.7839101,34.0467324
151,815,1600335,SALE BAB CHAFAA               ,1,,-6.8274102,34.0419985
102,332,1600353,SIDI YAHIA GHARB              ,1,,-6.3078046,34.3098556
350,349,1600834,SIDI SLIMANE 5EME BAFRA       ,1,,-6.0572326,34.2349026
18,825,1600235,TEMARRA PPL                   ,1,,-6.9166902,33.9273942
228,330,1600424,KENITRA OULED OUIJIH          ,1,,-6.6201317,34.2607013
311,360,1600566,KHEMISSET PPL                 ,1,,-6.065309,33.824435
24,815,11600064,SALE TABRIQUET                ,1,,-6.806945,34.045066
123,810,1600151,RABAT AL-INBIAT               ,1,,-6.810644,33.992321
116,825,1600527,TEMARA BASSATINE EL MENZEH    ,1,,-6.853556,33.856914
142,810,11600180,RABAT AL MASSIRA              ,1,,-6.8869727,33.9770429
139,815,1600315,SALE BETTANA                  ,1,,-6.8088466,34.0296335
117,815,1600316,SALE HAY ESSALAM              ,1,,-6.7926742,34.0407127
144,825,11600163,TEMARRA MASSIRA               ,1,,-6.8977726,33.9266164
184,330,11600095,KENITRA KHABBAZATE            ,1,,-6.5697894,34.2632373
315,360,1600743,KHEMISSET AZHAR               ,1,,-6.0717776,33.8249986
311,360,1600742,KHEMISSET PPL                 ,1,,-6.065309,33.824435
370,374,1600727,TIFLET PPAL                   ,1,,-6.3239166,33.8933598
357,336,1600272,MECHRâA BELKSIRI              ,1,,-5.9540815,34.576848
347,349,1600327,SIDI SLIMANE                  ,1,,-5.9253592,34.2621976
227,825,11600138,TEMARRA FATH EL KHEIR         ,1,,-6.921438,33.910412
97,330,1600800,KENITRA FAR                   ,1,,-6.604843,34.289346
1026,815,11600214,SALA EL JADIDA BOUREGREG,1,,-6.729543,33.995091
104,340,1600299,ALLAL TAZI                    ,1,,-6.323774,34.52174
119,821,1600149,SKHIRATE                      ,1,,-7.03893,33.851836
121,824,1600406,BOUKNADEL                     ,1,,-6.739635,34.121913
93,330,1600242,KENITRA PPL                   ,1,,-6.5819773,34.2609252
184,330,1600426,KENITRA KHABBAZATE            ,1,,-6.5697894,34.2632373
176,810,1600423,RABAT GUICH LOUDAYA           ,1,,-6.88662,33.9383499
150,815,11600264,SALE LâAYAYDA                 ,1,,-6.7727548,34.062028
9,810,1600804,RABAT GARDE ROYALE            ,1,,-6.837034,34.009599
338,368,1600280,ROMMANI                       ,1,,-6.6047681,33.5272422
98,330,1600799,KENITRA 3EME BAFRA            ,1,,-6.605004,34.289187
362,334,11600212,AIN DEFFALI                   ,1,,-5.552409,34.595684
354,353,11600099,SOUK LARBâA DU GHARB          ,1,,-6.0040739,34.6850835
34,819,11600189,RABAT MECHOUAR                ,1,,-6.8317983,34.0052895
347,349,11600096,SIDI SLIMANE                  ,1,,-5.9253592,34.2621976
150,815,1600300,SALE LâAYAYDA                 ,1,,-6.7727548,34.062028
364,374,1600726,TIFLET MEDINA                 ,1,,-6.3116509,33.8933443
229,810,11600215,KENITRA MAAMOURA              ,1,,-6.5489459,34.241608
369,376,1600288,SIDI ALLAL EL BAHRAOUI        ,1,,-6.5331665,34.0108348
156,810,1600473,RABAT DIOUR JAMAA             ,1,,-6.8480793,34.0139975
118,810,1600355,RABAT MADINAT AL IRFANE       ,1,,-6.8664471,33.9810031
93,330,1600620,KENITRA PPL                   ,1,,-6.5819773,34.2609252
134,810,1600336,RABAT DAR EL HADITH           ,1,,-6.8489081,34.0161729
24,815,11600211,SALE TABRIQUET                ,1,,-6.806945,34.045066
480,152,1600642,BNI AHMED                     ,1,,-5.078312,34.847049
451,720,1600613,TETOUAN PPAL                  ,1,,-5.3739802,35.5705832
371,640,1600828,TANGER 20 AOUT                ,1,,-5.8210856,35.7701761
374,640,11600022,TANGER AL IRFANE              ,1,,-5.881784,35.7326049
355,354,1600417,ARBAOUA                       ,1,,-5.924284,34.91018
332,341,1600745,OUEZZANE                      ,1,,-5.578088,34.79742
379,640,1600796,TANGER COMPLEXE HASSANI       ,1,,-5.843066,35.744819
384,640,1600487,TANGER DRISSIA                ,1,,-5.802032,35.760034
375,640,11600023,TANGER EL OUAFAE              ,1,,-5.8466042,35.7496905
387,640,11600103,TANGER DRADEB                 ,1,,-5.8290035,35.7856368
456,728,1600628,MDIQ                          ,1,,-5.3228036,35.6848275
389,640,11600100,TANGER AL MAJD                ,1,,-5.7977665,35.7455849
460,720,1600210,TETOUAN SIDI TALHA            ,1,,-5.3811872,35.5748102
373,640,11600038,TANGER PPAL                   ,1,,-5.806961,35.778219
451,720,1600586,TETOUAN PPAL                  ,1,,-5.3739802,35.5705832
330,646,1600608,TNINE SIDI YAMANI             ,1,,-5.972692,35.36953
373,640,1600597,TANGER PPAL                   ,1,,-5.806961,35.778219
451,720,1600486,TETOUAN PPAL                  ,1,,-5.3739802,35.5705832
390,648,11600101,GZENAYA                       ,1,,-5.90594,35.707438
378,640,1600311,TANGER BIR CHIFAE             ,1,,-5.8168531,35.7447358
334,341,11600033,OUEZZANE RMEL                 ,1,,-5.5844477,34.798213
332,341,11600157,OUEZZANE                      ,1,,-5.578088,34.79742
384,640,1600791,TANGER DRISSIA                ,1,,-5.802032,35.760034
455,727,11600108,MARTIL                        ,1,,-5.2778605,35.616652
384,640,11600102,TANGER DRISSIA                ,1,,-5.802032,35.760034
454,726,11600109,FNIDEQ                        ,1,,-5.3551457,35.847624
459,720,11600107,TETOUAN MY EL HASSAN          ,1,,-5.354582,35.572421
324,643,1600709,ASILAH                        ,1,,-6.030668,35.4680713
332,341,1600839,OUEZZANE                      ,1,,-5.578088,34.79742
680,41,1600888,TAROUDANNT MEDINA             ,1,,-8.884576,30.470139
474,151,1600604,BAB BERRET                    ,1,,-4.890375,34.996366
326,645,11600235,HAD RHARBIA                   ,1,,-5.931212,35.515688
462,722,11600236,BNI KARRICH FOUKI             ,1,,-5.422949,35.50742
388,640,11600082,TANGER VAL FLEURI             ,1,,-5.8311921,35.7776272
486,720,1600508,TETOUAN TABOULA               ,1,,-5.4000539,35.5681375
323,735,1600790,LARACHE                       ,1,,-6.1506365,35.1956598
324,643,1600123,ASILAH                        ,1,,-6.030668,35.4680713
992,640,11600173,TANGER DAR MOUIGNA,1,,-5.821563,35.758944
376,640,1600907,TANGER BNI MAKADA             ,1,,-5.8127761,35.760539
473,150,1600592,CHEFCHAOUEN                   ,1,,-5.2655813,35.1680529
457,729,11600031,OUED LAOU                     ,1,,-5.090564,35.448207
484,156,1600659,BAB TAZA                      ,1,,-5.195256,35.061545
993,640,11600172,TANGER BRANES,1,,-5.837173,35.762267
319,731,1600605,KSAR EL KEBIR PPAL            ,1,,-5.9074635,34.9979028
485,150,1600708,STEHA                         ,1,,-4.955215,35.345246
373,640,1600442,TANGER PPAL                   ,1,,-5.806961,35.778219
323,735,11600106,LARACHE                       ,1,,-6.1506365,35.1956598
475,167,1600611,ZOUMI                         ,1,,-5.344816,34.797092
991,640,11600170,TANGER BENDIBANE,1,,-5.814184,35.753071
985,728,11600084,MDIQ MARINA,1,,-5.340782,35.754027
380,640,1600382,TANGER MESNANA                ,1,,-5.8530468,35.7544032
373,640,1600598,TANGER PPAL                   ,1,,-5.806961,35.778219
461,720,1600830,TETOUAN TOUABEL               ,1,,-5.3456681,35.5812282
385,640,1600606,TANGER MSALLAH                ,1,,-5.8152652,35.7809478
458,720,1600380,TETOUAN MHANECH               ,1,,-5.3631843,35.5646903
372,647,1600373,KSAR SGHIR                    ,1,,-5.557934,35.840595
327,732,1600538,AL AOUAMRA                    ,1,,-6.090803,35.068057
336,344,1600885,SIDI REDOUANE                 ,1,,-5.448511,34.685289
321,731,1600298,KSAR EL KEBIR HAY ESSALAM     ,1,,-5.9009993,34.9984114
383,640,1600645,TANGER SOUANI                 ,1,,-5.8155281,35.7677952
322,735,1600217,LARAHE EL OUAFA               ,1,,-6.1466789,35.177246
